Ticker,Nome,Tipo,Setor,Preço,Target Price,Upside,Score,Rating,ROE,ROIC,Margem EBITDA,Dív. Líq./EBITDA,P/L,EV/EBITDA,Div. Yield,Cresc. Receita,Vol. Médio,Ret. 3m,Ret. 6m,Score Macro,Score Qualidade,Score Valuation,Score Momentum,Score Governança,Método Val.,P/VP,Spread CDI,Consist. Div.,Tipo FII,NIM,Cost/Income,CET1 Proxy,NPL Proxy,P/BV,Cresc. Carteira,PDD/Lucro,Fonte CET1,Fonte NPL,Dados Ref.,Dados Fonte
AMBP3,AMBIPAR     ON      NM,Ação,outros,0.26,,,76.6,Neutro,-0.01345,0.09059118258595764,0.27815608396807073,3.7587201366813847,0.20799999,5.863,,0.4958180000517536,3056290.0,0.4444443340654771,0.23809523133734167,59.4,61.0,100.0,90,100.0,N/A,,,,,,,,,,,,,,,
JHSF3,JHSF PART   ON      NM,Ação,outros,11.72,17.44,0.4883,74.4,Promissor,0.29331,0.12494411704665102,0.7725565671076374,0.8171449576127097,3.7806454,5.181,0.070819,0.21577332275029826,4455295.0,0.08115095455410004,0.38462903494395717,59.4,87.0,71.2,80,100.0,DCF(43%) + Mult(56%),,,,,,,,,,,,,,,
BEEF3,MINERVA     ON      NM,Ação,Alimentos & Bebidas,4.09,6.64,0.6235,73.2,Promissor,0.2322,0.1801735709986153,0.08865098699852154,2.6321537461374196,10.487181,3.944,0.02934,0.20964024206255472,23035476.5,0.16193186782669944,0.07354817391968238,62.0,67.0,76.0,92,100.0,Mult(100%),,,,,,,,,,,,,,,
CYRE3,CYRELA REALTON      NM,Ação,Imobiliário & Construção,27.0,59.1,1.1889,70.6,Promissor,0.20593001,0.052519479509996074,0.34466196932899834,2.4598894061430086,5.8064513,11.236,0.140741,0.20303103959208912,8647240.0,0.1769834076470378,-0.004057565764478799,59.4,67.0,76.0,80,100.0,DCF(43%) + Mult(56%),,,,,,,,,,,,,,,
SIMH3,SIMPAR      ON      NM,Ação,Transporte & Logística,8.32,,,69.4,Neutro,-0.0023100001,0.08865546971712547,0.29131135724685336,4.500765044387716,3.0364962,4.207,0.020433,0.2181310575249078,3991080.0,0.0571791379680775,-0.2099108276193843,60.5,55.0,100.0,50,100.0,N/A,,,,,,,,,,,,,,,
YDUQ3,YDUQS PART  ON      NM,Ação,Varejo & Consumo,11.1,18.88,0.7007,69.0,Promissor,0.03751,0.07363321387082962,0.30626088877781277,2.8052017245651184,26.428574,5.208,0.102703,0.0654840672936603,6705395.0,0.26857147216796884,0.0957552079042936,59.0,57.0,76.0,87,100.0,DCF(18%) + Mult(81%),,,,,,,,,,,,,,,
CVCB3,CVC BRASIL  ON      NM,Ação,outros,1.45,4.34,1.994,68.6,Promissor,-0.33345002,0.23118288366527415,0.3717551913243798,0.31877546963522513,48.333336,4.094,,0.06808672341442246,14580495.0,0.021126825004031735,-0.24479162495117546,59.4,77.0,76.0,50,100.0,DCF(43%) + Mult(56%),,,,,,,,,,,,,,,
TSMC34,TAIWANSMFAC DRN ED,BDR,BDR Tech (EUA),291.6,308.29,0.0572,68.5,Neutro,0.39969003,0.34991931189438524,0.7198956181853328,-0.6211517979783171,33.440365,3.06,0.007545,0.18937972542772896,99420.95,0.036484667642353585,0.3294102776490244,62.6,95.0,58.8,55,60.0,DCF(18%) + Mult(81%),,,,,,,,,,,,,,,
JALL3,JALLESMACHADON      NM,Ação,outros,2.34,,,68.3,Neutro,-0.02579,-0.020957438661796675,0.7184299983945387,2.005111912141439,4.141593,4.643,0.004274,0.07966044939333816,1081030.0,0.09776927818495462,-0.29026388750287446,59.4,52.0,100.0,50,100.0,N/A,,,,,,,,,,,,,,,
CSED3,CRUZEIRO EDUON      NM,Ação,outros,5.12,8.14,0.5905,67.6,Promissor,0.19259001,0.1173427003500804,0.3350851002614781,1.7960221515357815,6.023529,4.99,0.095703,0.11823387214723513,364205.0,0.3913042914889946,-0.08723219570639251,59.4,73.0,71.2,58,100.0,DCF(18%) + Mult(81%),,,,,,,,,,,,,,,
AMER3,AMERICANAS  ON      NM,Ação,outros,5.16,,,67.1,Neutro,0.0,0.023097906534150982,0.15050792360828932,2.537257019438445,3.3506494,7.914,,-0.21890680631816417,1447140.0,0.27407397639550224,0.021782109410423356,59.4,32.0,100.0,75,100.0,N/A,,,,,,,,,,,,,,,
CMIG3,CEMIG       ON      N1,Ação,Utilities (Energia),16.69,52.05,2.1186,67.0,Promissor,0.15944,0.08970681100586377,0.2036443591962761,2.065357224902366,10.302469,8.544,0.088077,0.10361338553826949,150770.0,0.07629286410244607,0.11101444632758795,59.2,57.0,82.9,62,100.0,DCF(100%),,,,,,,,,,,,,,,
SEER3,SER EDUCA   ON      NM,Ação,outros,13.48,14.73,0.0931,66.8,Neutro,0.19143999,0.12554908142898516,0.29187771341794905,1.857633285725768,6.3584905,4.534,0.030415,0.09758199661424083,1260310.0,0.26067791609503543,0.41159394585076514,59.4,68.0,54.0,90,100.0,DCF(18%) + Mult(81%),,,,,,,,,,,,,,,
PLPL3,PLANOEPLANO ON      NM,Ação,outros,6.71,13.94,1.0778,66.6,Promissor,0.31768,0.3249303606024444,0.18721537297510107,0.040909135299306953,4.4144735,4.287,0.223547,0.30044035364213917,2599505.0,-0.19544365523004592,-0.5210563933957544,59.4,87.0,76.0,20,100.0,DCF(18%) + Mult(81%),,,,,,,,,,,,,,,
JSLG3,JSL         ON      NM,Ação,outros,6.53,8.75,0.34,66.4,Promissor,-0.06961,0.08431724047645821,0.20465389734755318,3.858431475508214,3.7172606,5.394,0.292496,0.1697996544763527,1041600.0,0.17025094965795917,0.08471764626207579,59.4,51.0,74.0,82,100.0,Mult(100%),,,,,,,,,,,,,,,
ECOR3,ECORODOVIAS ON      NM,Ação,Transporte & Logística,8.98,12.24,0.3636,66.4,Promissor,0.12307,0.0902452092626923,0.44545321429696694,4.963009092381109,11.367087,5.865,0.033408,0.23872534513056043,9115650.0,0.23691449850262636,0.08585724689031027,60.5,60.0,60.8,87,100.0,DCF(18%) + Mult(81%),,,,,,,,,,,,,,,
TRIS3,TRISUL      ON      NM,Ação,Imobiliário & Construção,4.93,7.21,0.4634,66.3,Promissor,0.12507,0.07336427917810497,0.24358550293196846,1.5899775465596206,4.786408,6.86,0.221095,0.21942862864960722,268230.0,0.17102132628686562,-0.1227758133934227,59.4,68.0,71.2,58,100.0,DCF(18%) + Mult(81%),,,,,,,,,,,,,,,
RAPT4,RANDON PART PN      N1,Ação,outros,4.76,,,66.3,Neutro,-0.01442,0.05198180277088179,0.11002485987881551,4.375226646271384,4.9842935,4.772,0.010504,0.05627767109252635,3471135.0,0.07692311011744857,-0.014492690668721164,59.4,35.0,100.0,65,100.0,N/A,,,,,,,,,,,,,,,
SUZB3,SUZANO S.A. ON      NM,Ação,Papel & Celulose,45.0,109.1,1.4245,66.2,Promissor,0.17604999,0.051043583009497004,0.7553595751940226,2.2863710336592247,6.8493147,6.487,0.024889,0.001901043550497361,5929435.0,0.0714285714285714,-0.11962888001289607,61.6,57.0,76.0,63,100.0,DCF(43%) + Mult(56%),,,,,,,,,,,,,,,
LAVV3,LAVVI       ON      NM,Ação,Imobiliário & Construção,10.38,18.29,0.7621,66.1,Promissor,0.23990999,0.13575590063114934,0.33641403021917815,0.5034232878076276,5.6108108,7.915,0.184008,0.46927437111547055,583615.0,-0.08141593458098129,-0.2731092220909176,59.4,82.0,76.0,25,100.0,DCF(43%) + Mult(56%),,,,,,,,,,,,,,,
RENT3,LOCALIZA    ON      NM,Ação,Transporte & Logística,38.35,68.6,0.7889,66.1,Promissor,0.13011,0.0775173243985369,0.367124724890782,2.8160039726048294,12.1746025,8.885,0.058149,0.32939899908526327,11147510.0,-0.08306643612950393,-0.11556844916201237,60.5,67.0,76.0,48,100.0,DCF(43%) + Mult(56%),,,,,,,,,,,,,,,
POMO4,MARCOPOLO   PN      N2,Ação,outros,4.1,7.88,0.922,65.6,Promissor,0.2832,0.17705564641446664,0.21164591123337131,0.8035663145353165,4.2708335,4.804,0.260976,0.18700953362713113,16012075.0,-0.2683381083583062,-0.27525110914529116,59.4,77.0,76.0,30,100.0,Mult(100%),,,,,,,,,,,,,,,
VAMO3,VAMOS       ON      NM,Ação,Transporte & Logística,3.87,5.73,0.4795,65.1,Promissor,0.10701,0.0902283912070603,0.6525423787708627,4.357151757553424,13.821428,4.356,0.036176,0.05415398162371532,18334220.0,0.37234041743712365,0.14497034157622046,60.5,50.0,62.8,92,100.0,DCF(18%) + Mult(81%),,,,,,,,,,,,,,,
RECV3,PETRORECSA  ON      NM,Ação,Petróleo & Gás,10.47,15.42,0.4728,65.1,Promissor,0.11252,0.06584734032499602,0.5693770191306143,1.614022704644941,6.1588235,3.473,0.064947,0.019948183375135597,2243760.0,0.08350546964147165,-0.1722513445856254,63.1,63.0,67.0,58,100.0,DCF(18%) + Mult(81%),,,,,,,,,,,,,,,
SMFT3,SMART FIT   ON      NM,Ação,outros,17.33,28.55,0.6474,64.8,Neutro,0.11691,0.06652049936050534,0.5279096299843655,3.2489756628371733,15.754545,8.501,0.060012,0.3519767116201866,8118435.0,-0.08979191533759723,-0.060783491624806674,59.4,66.0,76.0,43,100.0,DCF(43%) + Mult(56%),,,,,,,,,,,,,,,
FIQE3,UNIFIQUE    ON      NM,Ação,outros,5.07,6.17,0.2171,64.7,Neutro,0.18125999,0.13181658712991137,0.5409133082541878,0.8269535440732516,8.311476,4.458,0.16568,0.20449434664982835,648610.0,-0.11202738539435608,-0.10740255171012125,59.4,87.0,60.8,33,100.0,DCF(18%) + Mult(81%),,,,,,,,,,,,,,,
WIZC3,WIZ CO      ON      NM,Ação,outros,7.84,11.16,0.4236,64.7,Neutro,0.26558,0.3840027778475028,0.40855998,,6.322581,2.854,0.080357,0.1585297986853107,307280.0,0.024836608477366795,-0.08559821267089618,59.4,82.0,62.8,38,100.0,DCF(18%) + Mult(81%),,,,,,,,,,,,,,,
CEAB3,CEA MODAS   ON      NM,Ação,outros,9.26,18.99,1.0505,64.0,Neutro,0.15493,0.13339735192256708,0.22715815365682746,1.0842618868265805,4.9784946,4.705,0.097192,0.08886821988552862,9493805.0,-0.13457940243479294,-0.1827007686463532,59.4,63.0,76.0,43,100.0,DCF(18%) + Mult(81%),,,,,,,,,,,,,,,
RANI3,IRANI       ON      NM,Ação,outros,7.8,14.11,0.8091,64.0,Neutro,0.09207,0.11432975772887279,0.4549255742268182,1.462672033745858,13.684211,6.214,0.046154,-7.016305323614969e-05,660320.0,0.00805971479264711,-0.11659872124938919,59.4,63.0,76.0,43,100.0,DCF(43%) + Mult(56%),,,,,,,,,,,,,,,
VULC3,VULCABRAS   ON      NM,Ação,Varejo & Consumo,13.37,17.47,0.3068,63.7,Neutro,0.37129003,0.1531287066818954,0.302536003417702,0.7526856463794488,4.3980265,5.988,0.583396,0.11958868088674746,3017065.0,-0.07281554682243263,-0.1807597956145005,59.0,82.0,59.2,38,100.0,DCF(43%) + Mult(56%),,,,,,,,,,,,,,,
CLSC4,CELESC      PN      N2,Ação,outros,159.99,267.77,0.6737,63.6,Neutro,0.21595,0.09566109444219653,0.1463177535304822,2.8185710110419477,7.4000926,6.268,0.055191,0.06345551146843142,4715.0,0.2139057678181,0.17178091481366575,59.4,47.0,76.0,67,100.0,DCF(18%) + Mult(81%),,,,,,,,,,,,,,,
ARML3,ARMAC       ON      NM,Ação,Varejo & Consumo,4.22,5.2,0.2316,63.3,Neutro,0.06273,0.06945293642204473,0.3813690003533294,3.7994963413211247,23.444443,5.541,0.146919,0.25643625466105524,1207665.0,0.4551722935915883,-0.11899794910246109,59.0,61.0,60.8,68,100.0,DCF(18%) + Mult(81%),,,,,,,,,,,,,,,
CMIG4,CEMIG       PN      N1,Ação,Utilities (Energia),10.89,20.08,0.8437,63.3,Neutro,0.15944,0.08970681100586377,0.2036443591962761,2.065357224902366,6.7222223,6.442,0.123967,0.10361338553826949,16060850.0,0.0155177142540035,-0.047339075999262126,59.2,57.0,76.0,65,50.0,DCF(18%) + Mult(81%),,,,,,,,,,,,,,,
DIRR3,DIRECIONAL  ON      NM,Ação,Imobiliário & Construção,9.8,10.66,0.088,62.8,Neutro,0.41882,0.16716722396895015,0.2886655976687126,1.4189141222180832,6.01227,5.116,0.269388,0.26164471424793234,11301930.0,-0.29139549929160546,-0.29445644719181374,59.4,83.0,58.8,30,100.0,DCF(18%) + Mult(81%),,,,,,,,,,,,,,,
ISAE4,ISA ENERGIA PN      N1,Ação,outros,26.91,36.33,0.35,62.6,Neutro,0.13186,0.06722095400817489,0.43935445529362877,3.5433814481458983,6.2873826,7.263,0.098105,0.19968428736683408,3379415.0,-0.04064169057595679,-0.032195707801453644,59.4,61.0,65.0,55,100.0,DCF(18%) + Mult(81%),,,,,,,,,,,,,,,
AURE3,AUREN       ON      NM,Ação,Utilities (Energia),12.83,21.68,0.69,62.6,Neutro,-0.076799996,0.028961254985995843,0.3278201969620896,4.8288853479813625,-88.48276,11.241,0.004677,0.33681492275065694,2985620.0,0.12445224323258985,0.08361484445604317,59.2,50.0,66.0,72,100.0,DCF(43%) + Mult(56%),,,,,,,,,,,,,,,
LREN3,LOJAS RENNERON      NM,Ação,Varejo & Consumo,11.12,15.05,0.3535,62.5,Neutro,0.14456001,0.18460650518648275,0.20592066943534398,0.5851308115411247,7.4133334,5.183,0.082734,0.06052112152972322,17398250.0,-0.2178046475297165,-0.2273459855957065,59.0,72.0,69.2,30,100.0,DCF(43%) + Mult(56%),,,,,,,,,,,,,,,
KLBN11,KLABIN S/A  UNT     N2,Ação,Papel & Celulose,18.15,31.14,0.7156,62.2,Neutro,0.036510002,0.07766595822128744,0.5089267031048715,2.691652282419713,27.458395,8.315,0.090358,0.010941885899882209,5223350.0,0.06451615429276525,-0.03457444919725983,61.6,57.0,56.0,70,100.0,DCF(43%) + Mult(56%),,,,,,,,,,,,,,,
VLID3,VALID       ON      NM,Ação,outros,17.11,25.06,0.4646,61.8,Neutro,0.13442001,0.11971380332361749,0.2100726135395622,0.1970929266446336,5.9409723,4.354,0.109293,0.03147763722614205,184960.0,0.009035640099214426,-0.11418201567610942,59.4,62.0,71.2,38,100.0,DCF(43%) + Mult(56%),,,,,,,,,,,,,,,
ENJU3,ENJOEI      ON      NM,Ação,outros,0.74,1.26,0.7027,61.8,Neutro,-0.16861,-0.21176988570095634,0.13934097073843402,-5.477828226530002,-6.727273,0.377,0.27027,0.23864382759914693,562935.0,-0.05128200425668883,-0.10872639982219234,59.4,60.0,76.0,33,100.0,DCF(43%) + Mult(56%),,,,,,,,,,,,,,,
IGTI11,IGUATEMI S.AUNT     N1,Ação,Imobiliário & Construção,26.8,,,61.8,Neutro,0.13515,0.08475476652337073,0.9189034679752198,2.8750373282898667,164.41718,10.129,0.025,0.13520487802388748,2809565.0,0.07408804607406716,-0.001995948723416019,59.4,67.0,50.0,65,100.0,N/A,,,,,,,,,,,,,,,
PFRM3,PROFARMA    ON      NM,Ação,outros,7.35,12.28,0.6705,61.8,Neutro,0.09751,0.0919794888614073,0.04530789472374226,2.248772646053674,5.8333335,6.03,0.126531,0.13573286859742995,104095.0,0.12042682450364417,-0.020000012715657545,59.4,47.0,76.0,55,100.0,DCF(18%) + Mult(81%),,,,,,,,,,,,,,,
SAPR11,SANEPAR     UNT     N2,Ação,Saneamento,33.35,48.72,0.461,61.7,Neutro,0.03812,0.007320514620412455,0.48950119814419835,0.5078186397642104,41.223732,4.346,0.032984,0.08294191723898847,1535510.0,-0.11232369590049496,-0.2076503123492961,58.9,67.0,71.2,30,100.0,DCF(18%) + Mult(81%),,,,,,,,,,,,,,,
STOC34,STONE CO    DRN,BDR,BDR Tech (EUA),48.27,67.49,0.3981,61.5,Neutro,0.33968,0.19350589243412583,0.426541895769952,2.2325748626200586,3.5388563,2.923,,0.14118205094594227,161819.65,-0.1305835724103671,,62.6,77.0,60.8,35,60.0,DCF(18%) + Mult(81%),,,,,,,,,,,,,,,
GGPS3,GPS         ON      NM,Ação,outros,12.43,12.6,0.0134,61.5,Neutro,0.22337,0.14547498980023482,0.13545145305901543,1.0419413856043647,9.86508,5.536,0.042639,0.23306152860669838,3052535.0,0.056972794494379864,-0.24575238771584118,59.4,68.0,56.8,50,100.0,DCF(18%) + Mult(81%),,,,,,,,,,,,,,,
ESPA3,ESPACOLASER ON      NM,Ação,outros,7.12,17.51,1.4592,61.3,Neutro,0.0056800004,0.07695736594035608,0.2570007822614217,2.16348283006643,33.904762,4.185,0.039326,0.06433841091616865,47910.0,0.11076443916509904,-0.38583954566087475,59.4,57.0,76.0,35,100.0,DCF(18%) + Mult(81%),,,,,,,,,,,,,,,
NVDC34,NVIDIA CORP DRN ED,BDR,BDR Tech (EUA),24.2,22.99,-0.05,61.2,Neutro,1.17211,0.5455938070602555,0.6694143689392326,0.0030092976921799767,28.139536,16.73,0.001653,1.0004509499443963,4325944.55,0.15055171351250807,0.25006120859109493,62.6,97.0,6.8,90,60.0,Mult(100%),,,,,,,,,,,,,,,
PNVL3,DIMED       ON      NM,Ação,outros,12.19,17.81,0.4613,60.3,Neutro,0.10791001,0.06206095312915053,0.09288952087019908,2.856383955251573,13.395603,11.029,0.039377,0.11369081336183684,884475.0,0.1010373687030437,-0.12038156383587306,59.4,52.0,66.0,53,100.0,DCF(43%) + Mult(56%),,,,,,,,,,,,,,,
ASAI3,ASSAI       ON      NM,Ação,Varejo & Consumo,10.49,7.87,-0.25,60.2,Viés Ruim,0.16157,0.10227669297881178,0.06580257932658104,4.113033221938274,14.569444,6.038,0.011439,0.12345148944441697,12150105.0,0.2183507769344608,0.3570504198233482,59.0,40.0,50.0,100,100.0,DCF(18%) + Mult(81%),,,,,,,,,,,,,,,
EZTC3,EZTEC       ON      NM,Ação,Imobiliário & Construção,13.7,18.07,0.3191,60.1,Neutro,0.10551,0.037113789058716755,0.4698396474030939,2.3574777834894904,8.30303,11.708,0.027737,0.10157628206317448,3851735.0,0.03933869208127683,0.018280360818307972,59.4,62.0,54.0,55,100.0,DCF(43%) + Mult(56%),,,,,,,,,,,,,,,
LEVE3,METAL LEVE  ON      NM,Ação,outros,33.51,38.97,0.1629,60.0,Neutro,0.81636,0.2892380211498471,0.1914721450235098,1.0291307527126847,6.519455,5.964,0.085049,0.0857619324834824,211650.0,0.01361152236992158,0.022066275034061222,59.4,73.0,48.8,45,100.0,DCF(43%) + Mult(56%),,,,,,,,,,,,,,,
CMIN3,CSNMINERACAOON      N2,Ação,Mineração & Siderurgia,4.95,4.17,-0.1578,59.9,Neutro,0.28136,0.45445675535977403,0.28050175086203305,0.0888315014127551,15.46875,4.718,0.127273,0.10740833224279545,8719135.0,0.16745284822497353,0.052759028475062975,63.1,87.0,4.8,87,100.0,DCF(43%) + Mult(56%),,,,,,,,,,,,,,,
COGN3,COGNA ON    ON      NM,Ação,Varejo & Consumo,2.12,3.03,0.4298,59.7,Neutro,0.04926,0.04359250700160863,0.3414189907652683,2.7430754935461437,5.8888884,5.196,0.089623,0.11921837835386029,33953810.0,-0.07017547712211625,-0.24719749686795245,59.0,57.0,67.0,40,100.0,DCF(18%) + Mult(81%),,,,,,,,,,,,,,,
MDNE3,MOURA DUBEUXON      NM,Ação,outros,25.3,23.35,-0.0771,59.5,Neutro,0.28023002,0.1463482252053927,0.2531386061067368,0.9501317394977138,4.2736483,5.249,0.186957,0.43385425020902346,1436860.0,-0.12091735116600433,-0.18122978804541756,59.4,82.0,42.0,38,100.0,DCF(18%) + Mult(81%),,,,,,,,,,,,,,,
CPFE3,CPFL ENERGIAON      NM,Ação,Utilities (Energia),44.3,44.09,-0.0047,59.5,Neutro,0.27276,0.13810719764017948,0.2960172157358963,2.378555215554698,8.502879,6.091,0.084199,0.04077951879854691,1962595.0,-0.018173752531823628,0.004331962366844522,59.2,57.0,56.8,55,100.0,DCF(18%) + Mult(81%),,,,,,,,,,,,,,,
TIMS3,TIM         ON      NM,Ação,Telecomunicações,18.61,22.73,0.2216,59.5,Neutro,0.17254,0.11890620535672919,0.523086495441586,0.9286448828436669,10.338889,4.961,0.089737,0.07335065630428295,6917655.0,-0.16537185391295783,-0.2845885698707743,59.0,77.0,55.0,25,100.0,DCF(43%) + Mult(56%),,,,,,,,,,,,,,,
TTEN3,3TENTOS     ON      NM,Ação,outros,10.14,14.85,0.4647,59.4,Neutro,0.121350005,0.05300754477912802,0.08642787670057661,1.512122525035841,8.243902,17.618,0.036489,0.33609701451603646,1852430.0,-0.3102040493271503,-0.33638740048910765,59.4,63.0,71.2,20,100.0,DCF(18%) + Mult(81%),,,,,,,,,,,,,,,
TGMA3,TEGMA       ON      NM,Ação,outros,35.52,35.7,0.0051,59.3,Neutro,0.25561002,0.20646106269328082,0.19208215228711062,0.20623208917689168,9.225974,6.424,0.140203,0.17537708282088915,291520.0,0.22740951001125786,0.33295965313162723,59.4,77.0,21.0,80,100.0,DCF(43%) + Mult(56%),,,,,,,,,,,,,,,
QUAL3,QUALICORP   ON      NM,Ação,outros,1.56,2.14,0.3718,58.8,Neutro,0.02096,0.0770976753389468,0.4655249869467251,2.317946139300726,22.285713,3.87,0.00641,-0.09910072198581132,3942010.0,-0.14321765074451553,-0.1478740883808346,59.4,47.0,74.0,38,100.0,Mult(100%),,,,,,,,,,,,,,,
WEGE3,WEG         ON      NM,Ação,Bens Industriais,51.07,51.51,0.0086,58.7,Neutro,0.30791,0.3132543752629288,0.228612534374601,-0.09203393404457882,34.275166,25.042,0.03035,0.10914428739363924,7708580.0,0.10055829043581643,0.1033817676912907,60.5,85.0,11.0,77,100.0,Mult(100%),,,,,,,,,,,,,,,
MYPK3,"IOCHP,MAXIONON      NM",Ação,outros,9.4,17.39,0.8497,58.6,Neutro,0.049039997,0.07427000494161992,0.09698932166694421,2.705206690866149,15.409835,4.382,0.094681,-0.03212270395970085,751385.0,0.03183314739649523,0.0329669477455663,59.4,37.0,76.0,50,100.0,DCF(18%) + Mult(81%),,,,,,,,,,,,,,,
BRAV3,BRAVA       ON      NM,Ação,outros,17.41,15.56,-0.1063,58.5,Neutro,0.0044400003,0.04654580370086363,0.5140510734285176,3.3137692556300107,174.09999,4.762,0.006893,0.8896996349927864,3609885.0,-0.09417271231038771,0.002640541355464654,59.4,61.0,54.8,45,100.0,Mult(100%),,,,,,,,,,,,,,,
MATD3,MATER DEI   ON      NM,Ação,Saúde,4.95,5.82,0.1758,58.4,Neutro,0.09517,0.07667082483470788,0.2526662023596908,2.874930179159821,11.785714,6.781,0.046465,0.07253246220250364,213915.0,0.010204023045831345,-0.12544170623460393,59.1,57.0,63.0,38,100.0,DCF(18%) + Mult(81%),,,,,,,,,,,,,,,
ANIM3,ANIMA       ON      NM,Ação,Varejo & Consumo,2.93,3.19,0.0887,58.2,Neutro,0.09607001,0.08579132917718336,0.39044018473558023,3.485931688662029,7.146342,4.666,0.027304,0.04134290819286002,6379855.0,0.08921933250244307,-0.23232823911773637,59.0,46.0,63.0,55,100.0,Mult(100%),,,,,,,,,,,,,,,
BMGB4,BANCO BMG   PN      N1,Banco,Bancos & Financeiro,5.96,15.18,1.547,58.1,Neutro,0.13986,,,,4.5496187,,0.067114,-0.0178,1476965.0,0.15803402383790344,0.25096266576296755,60.4,46.0,40.0,90,100.0,DDM(35%) + RIM(25%) + P/BV(25%) + EDCF(15%),,,,,0.1087,0.6103,0.0794,,0.75836617,-0.1409,,Proxy,Proxy,,Proxy
SBFG3,GRUPO SBF   ON      NM,Ação,outros,7.64,13.9,0.8199,58.1,Neutro,0.13704,0.09099555782221584,0.14633655157758513,1.9943716213828924,4.2444444,5.716,0.070681,0.07309644361097001,3398610.0,-0.28060264135460544,-0.299682969474382,59.4,53.0,76.0,20,100.0,DCF(18%) + Mult(81%),,,,,,,,,,,,,,,
AZZA3,AZZAS 2154  ON      NM,Ação,Varejo & Consumo,16.38,23.51,0.4351,57.7,Neutro,0.03958,0.06734842635262311,0.12982723792190054,2.3955432807730506,3.282565,5.737,0.151404,0.40807359500591334,3679350.0,-0.172727283236081,-0.4043636668812145,59.0,57.0,71.2,20,100.0,DCF(18%) + Mult(81%),,,,,,,,,,,,,,,
VIVA3,VIVARA S.A. ON      NM,Ação,Varejo & Consumo,22.28,23.94,0.0746,57.4,Neutro,0.19703,0.12690551303398512,0.33331748699919705,0.9246311280873036,8.947791,7.929,0.061041,0.13454171454010666,2899175.0,-0.03466201211893627,-0.11022364728310996,59.0,77.0,33.0,48,100.0,DCF(43%) + Mult(56%),,,,,,,,,,,,,,,
CAML3,CAMIL       ON      NM,Ação,outros,5.09,8.9,0.7483,57.3,Neutro,0.0341,0.06417579593728706,0.08937973296093578,3.2948998244512087,16.966667,7.701,0.08055,0.028865495150873555,949090.0,0.012709117547359705,-0.08848470854577395,59.4,36.0,76.0,43,100.0,DCF(43%) + Mult(56%),,,,,,,,,,,,,,,
PGMN3,PAGUE MENOS ON      NM,Ação,outros,3.36,4.62,0.3754,57.3,Neutro,0.10585,0.08551951262522713,0.08087302465265155,2.9068192526428254,6.72,6.177,0.151786,0.1749893761663468,7141230.0,-0.11811025050972146,-0.453658562115017,59.4,52.0,65.0,35,100.0,DCF(18%) + Mult(81%),,,,,,,,,,,,,,,
MSFT34,MICROSOFT   DRN,BDR,BDR Tech (EUA),111.29,105.73,-0.05,57.2,Neutro,0.34039003,0.2142193870510456,0.6253604910815185,0.17295283805338307,28.68299,101.566,0.005301,0.1612397915820203,304371.2,0.45721845455356447,0.318275247717668,62.6,87.0,6.8,80,60.0,Mult(100%),,,,,,,,,,,,,,,
M1TA34,META PLAT   DRN ED,BDR,BDR Tech (EUA),139.41,132.44,-0.05,57.2,Neutro,0.29848,0.20719561799997735,0.5260243026183533,0.4542866061884536,28.335365,92.738,0.001937,0.19893831442939258,449936.3,0.3817165370906741,0.23234564477526254,62.6,87.0,6.8,80,60.0,Mult(100%),,,,,,,,,,,,,,,
ABCB4,ABC BRASIL  PN      N2,Banco,Bancos & Financeiro,24.69,51.85,1.1002,57.1,Neutro,0.14905,,,,4.432675,,0.094775,0.1361,516205.0,0.0324698279045601,0.009911032729516878,60.4,66.0,40.0,50,100.0,DDM(35%) + RIM(25%) + P/BV(25%) + EDCF(15%),,,,,-0.0331,0.3864,0.1019,,0.8765266,0.0269,,Proxy,Proxy,,Proxy
GRND3,GRENDENE    ON      NM,Ação,Varejo & Consumo,3.77,5.92,0.5698,56.9,Neutro,0.16027,0.0563322086491521,0.3311086163181448,0.0005157141506162721,5.890625,11.91,0.34748,0.00827666308251862,3198815.0,0.0024708448674084504,-0.15026886657956118,59.0,62.0,46.0,48,100.0,DCF(43%) + Mult(56%),,,,,,,,,,,,,,,
BMOB3,BEMOBI TECH ON      NM,Ação,outros,27.5,28.5,0.0363,56.8,Neutro,0.16359,0.1254612178215005,0.15864412254842145,-0.8040315838365072,14.550264,13.78,0.071636,0.04752684730692991,646690.0,0.196426864371674,0.2162225998323699,59.4,65.0,20.0,85,100.0,DCF(43%) + Mult(56%),,,,,,,,,,,,,,,
INBR32,INTER CO    DR2,BDR,BDR Tech (EUA),26.6,28.03,0.0539,56.7,Neutro,0.16198999,,0.29732,,7.7777777,,0.02218,0.3310150429277763,2856001.5,-0.01953552509000145,-0.36892053574095174,62.6,77.0,38.8,40,60.0,DCF(43%) + Mult(56%),,,,,,,,,,,,,,,
CURY3,CURY S/A    ON      NM,Ação,outros,27.55,27.09,-0.0165,56.7,Neutro,0.68527,0.5738227243689876,0.2637220192376076,0.0839167469013945,7.547945,5.663,0.181125,0.33737469598050485,4245380.0,-0.19055604428341388,-0.16516746143790306,59.4,92.0,26.8,28,100.0,DCF(43%) + Mult(56%),,,,,,,,,,,,,,,
LILY34,LILLY       DRN,BDR,BDR Tech (EUA),205.5,195.23,-0.05,56.5,Neutro,1.02286,0.3172957746478873,0.4862455698921432,1.1117596945697787,39.825584,134.19,0.00399,0.31687374880620434,30589.7,0.05209572352689085,0.28573359758961603,62.6,93.0,6.8,65,60.0,Mult(100%),,,,,,,,,,,,,,,
BBDC3,BRADESCO    ON      N1,Banco,Bancos & Financeiro,15.77,34.67,1.1983,56.4,Neutro,0.13763,,,,7.2009134,,0.013316,0.1185,7968715.0,0.050909288962234234,0.02158834819068267,60.4,61.0,40.0,70,50.0,DDM(35%) + RIM(25%) + P/BV(25%) + EDCF(15%),,,,,0.0314,0.3818,0.0766,,0.9195872,0.1022,,Proxy,Proxy,,Proxy
VISA34,VISA INC    DRN,BDR,BDR Financeiro (EUA),93.49,88.82,-0.05,56.2,Neutro,0.6119,0.3817179196794145,0.650075,0.3079260085374764,30.652458,110.864,0.005134,0.10921242130254294,11041.3,0.10134111209565955,0.20351307476001534,62.6,92.0,6.8,65,60.0,Mult(100%),,,,,,,,,,,,,,,
CXSE3,CAIXA SEGURION      NM,Ação,outros,20.59,18.53,-0.1,56.1,Neutro,0.33348998,,0.82413,,13.635762,12.387,0.067994,0.1335930117098778,5864245.0,0.08150491732492315,0.17950353531247898,59.4,82.0,4.8,77,100.0,Mult(100%),,,,,,,,,,,,,,,
SOJA3,BOA SAFRA   ON      NM,Ação,outros,7.81,8.65,0.1072,55.8,Neutro,0.06291,0.02754699713769798,0.09405988449510069,3.496705582230455,26.931036,9.768,0.056338,0.14202334910657233,817730.0,0.32148902612906327,-0.03936041416444469,59.4,41.0,48.8,70,100.0,DCF(43%) + Mult(56%),,,,,,,,,,,,,,,
BRBI11,BR PARTNERS UNT     N2,Banco,Bancos & Financeiro,14.83,,,55.8,Neutro,0.19736,,,,33.704544,,0.11733,0.6762,285380.0,0.0676554950535122,-0.18183495127854743,60.4,52.0,50.0,48,100.0,N/A,,,,,,0.0139,0.0448,0.071,1.9229772,-0.4662,0.075,Proxy,Proxy,,Proxy
B3SA3,B3          ON      NM,Ação,Bens Industriais,17.96,17.3,-0.0367,55.6,Neutro,0.27714002,0.13820836404548797,0.8993070789711842,1.522548266906658,17.96,12.34,0.041759,0.03473352269584851,43668020.0,0.24459995425378644,0.0951566925058589,60.5,68.0,6.8,92,100.0,Mult(100%),,,,,,,,,,,,,,,
BBDC4,BRADESCO    PN      N1,Banco,Bancos & Financeiro,17.88,36.0,1.0133,55.6,Neutro,0.13763,,,,8.164383,,0.012864,0.1185,42738800.0,0.03764676790166033,-0.0007839794048450921,60.4,61.0,40.0,65,50.0,DDM(35%) + RIM(25%) + P/BV(25%) + EDCF(15%),,,,,0.0314,0.3818,0.0766,,1.0426264,0.1022,,Proxy,Proxy,,Proxy
ITSA4,ITAUSA      PN      N1,Banco,Bancos & Financeiro,13.99,12.27,-0.1231,55.4,Neutro,0.18924999,,,,8.635802,,0.007148,0.0017,24282690.0,0.05382991629749223,0.06679189287559595,60.4,80.0,0.0,82,100.0,DDM(35%) + RIM(25%) + P/BV(25%) + EDCF(15%),,,,,-0.0072,0.2686,0.7982,0.0013,1.6716453,,0.0076,Proxy,Proxy,,Proxy
BRSR6,BANRISUL    PNB EJ  N1,Banco,Bancos & Financeiro,15.17,45.92,2.0269,55.3,Neutro,0.14481,,,,3.7830422,,0.058009,0.0512,3129325.0,0.15725742999027825,-0.08489651331082271,60.4,48.0,40.0,68,100.0,DDM(35%) + RIM(25%) + P/BV(25%) + EDCF(15%),,,,,0.0389,0.6838,0.0699,,0.5238079,0.0285,,Proxy,Proxy,,Proxy
TOTS3,TOTVS       ON      NM,Ação,Tecnologia & Software,34.9,29.88,-0.1437,55.3,Neutro,0.17014,0.14989002220580505,0.2850089927574561,0.030746476972512423,22.960527,15.96,0.017192,0.1502186881015266,4959860.0,0.29042279746105293,0.0379147285045236,58.4,77.0,9.0,75,100.0,DCF(43%) + Mult(56%),,,,,,,,,,,,,,,
MSCD34,MASTERCARD  DRN,BDR,BDR Financeiro (EUA),90.35,85.83,-0.05,55.0,Neutro,0.0241202,0.7964405417104692,0.6234332591259797,0.4125617570806633,29.720394,111.994,0.006309,0.1382198495222513,9768.9,0.10446774681530746,0.09230684656260646,62.6,92.0,6.8,57,60.0,Mult(100%),,,,,,,,,,,,,,,
PINE4,PINE        PN      N2,Banco,Bancos & Financeiro,11.67,16.56,0.4188,54.9,Neutro,0.40772,,,,4.8024693,,0.093402,1.2487,914985.0,-0.029136499948191563,0.03441742937055303,60.4,57.0,40.0,50,100.0,DDM(35%) + RIM(25%) + P/BV(25%) + EDCF(15%),,,,,-0.0088,0.361,0.0447,,1.6473744,-0.8282,,Proxy,Proxy,,Proxy
RAIL3,RUMO S.A.   ON      NM,Ação,Transporte & Logística,16.09,13.17,-0.1817,54.9,Neutro,0.0881,0.11120271340935095,0.4668742475326002,3.1323001560670485,24.378788,7.155,0.006837,0.12057120928716492,10920870.0,0.19628255619038515,0.0007820431874807632,60.5,66.0,10.0,85,100.0,DCF(43%) + Mult(56%),,,,,,,,,,,,,,,
FLRY3,FLEURY      ON      NM,Ação,Saúde,21.74,20.34,-0.0646,54.7,Neutro,0.12618,0.07989468160750192,0.2867201564264299,2.2082966487734352,18.741379,7.827,0.074057,0.22931134532154007,4031905.0,0.43812040356375115,0.4484328729863447,59.1,67.0,6.8,90,100.0,DCF(43%) + Mult(56%),,,,,,,,,,,,,,,
AAPL34,APPLE       DRN,BDR,BDR Tech (EUA),88.55,84.12,-0.05,54.7,Neutro,1.4875101,0.6435261183091985,0.3478173110887373,0.43332550363390165,39.008812,154.015,0.002259,0.01812535743479393,313826.1,0.2476065129420182,0.3640775843244255,62.6,77.0,6.8,80,60.0,Mult(100%),,,,,,,,,,,,,,,
ROXO34,NU HOLDINGS DRN,BDR,BDR Tech (EUA),11.63,11.05,-0.0499,54.7,Neutro,0.31628,,0.50154,,18.171875,,,0.5292945859476745,8985253.15,0.08186047576194588,-0.06586343031218245,62.6,87.0,6.8,63,60.0,Mult(100%),,,,,,,,,,,,,,,
VGHF11,FII VALOR HECI,FII,Fundos Imobiliários,5.08,8.19,0.6129,54.4,Neutro,,,,,,,0.141732,,406576.25,-0.12339667689058909,-0.23128860637267656,58.3,83.5,40.0,20,60.0,FII-DY,0.62,2.59,0.9256,outros,,,,,,,,,,,
MTRE3,MITRE REALTYON  ED  NM,Ação,outros,3.35,4.26,0.2705,54.3,Neutro,0.09355,0.03247901544949515,0.10671195270938949,4.2282785392589695,5.4032254,9.087,0.131343,0.11617206742759834,708525.0,0.04629006061086249,-0.05727362827849414,59.4,35.0,65.0,43,100.0,DCF(18%) + Mult(81%),,,,,,,,,,,,,,,
ASML34,ASML HOLD   DRN,BDR,BDR Tech (EUA),165.0,160.05,-0.03,54.2,Neutro,0.53942,0.6727569878507453,0.3841854086502405,-0.6792745990135693,60.661762,260.618,0.004061,0.15551134263329014,37824.3,-0.04052931026864259,0.28083357279631094,62.6,90.0,6.8,55,60.0,Mult(100%),,,,,,,,,,,,,,,
VRTA11,FII FATOR VECI,FII,Fundos Imobiliários,71.82,91.17,0.2694,54.2,Neutro,,,,,,,0.142022,,20544.1,0.059675230439283355,-0.004680025722537007,58.3,75.0,30.0,50,60.0,FII-DY,0.7878,0.45,1.0,outros,,,,,,,,,,,
BBSE3,BBSEGURIDADEON      NM,Banco,Seguros & Previdência,38.99,13.5,-0.6538,54.1,Viés Ruim,0.85944,,,,8.24313,,0.117722,0.1078,6412380.0,0.05412823778983,0.182168549952342,58.6,80.0,0.0,77,100.0,DDM(35%) + RIM(25%) + P/BV(25%) + EDCF(15%),,,,,-0.0032,0.0345,0.4496,,6.9500895,,,Proxy,Proxy,,Proxy
MGLU3,MAGAZ LUIZA ON      NM,Ação,Varejo & Consumo,6.76,11.57,0.711,53.9,Neutro,0.00796,0.06013404604708313,0.060361513063443256,2.9760234055804418,61.454548,8.291,0.004438,0.012396387850930779,30496570.0,0.5294117900898136,-0.22194171061490808,59.0,37.0,46.0,70,100.0,DCF(43%) + Mult(56%),,,,,,,,,,,,,,,
DXCO3,DEXCO       ON      NM,Ação,Papel & Celulose,5.65,6.33,0.1197,53.8,Neutro,0.0073,0.03119394957569117,0.25238702775886585,3.02796177297613,10.210905,6.177,,-0.009432705087873305,1607355.0,0.1254980312419527,0.23632382563203103,61.6,36.0,37.2,80,100.0,DCF(43%) + Mult(56%),,,,,,,,,,,,,,,
BIDU34,BAIDU INC   DRN,BDR,BDR Tech (EUA),32.42,51.38,0.5848,53.8,Neutro,-0.0139,0.02019539493685083,0.23900866910961505,2.3490648601341935,,-0.809,,0.014357919775069172,5530.95,-0.15241834852430558,-0.2685018413316599,62.6,42.0,82.9,5,60.0,DCF(100%),,,,,,,,,,,,,,,
MDIA3,M.DIASBRANCOON      NM,Ação,Alimentos & Bebidas,16.35,19.87,0.2152,53.4,Neutro,0.07809,0.06061418970310035,0.12493863501274437,-0.3557516450635059,8.515625,5.382,0.022018,0.010045740902856481,787105.0,-0.06242997298450159,-0.23211583616434017,62.0,55.0,49.2,25,100.0,DCF(43%) + Mult(56%),,,,,,,,,,,,,,,
MOVI3,MOVIDA      ON      NM,Ação,Transporte & Logística,9.05,5.64,-0.3768,53.4,Viés Ruim,0.13204001,0.08890385198346362,0.3465906000618591,4.052047158064311,7.4793386,4.263,0.100552,0.16412818374336569,7095100.0,-0.06701027126922354,-0.25941080253877147,60.5,50.0,50.0,35,100.0,Mult(100%),,,,,,,,,,,,,,,
BPAC11,BTGP BANCO  UNT     N2,Banco,Bancos & Financeiro,62.7,25.76,-0.5891,53.4,Viés Ruim,0.24406,,,,102.11726,,0.014833,0.3754,10174600.0,0.1715911390503959,0.15437120648026692,60.4,66.0,0.0,92,100.0,DDM(35%) + RIM(25%) + P/BV(25%) + EDCF(15%),,,,,0.0381,0.4551,0.0868,,3.7569659,0.1815,,Proxy,Proxy,,Proxy
AIRB34,AIRBNB      DRN,BDR,BDR Tech (EUA),40.85,38.81,-0.0499,53.3,Neutro,0.34542,0.45305990286022657,0.20782615799362797,-1.766116352201258,35.833332,170.995,,0.13378255972989694,7734.15,0.11247268834755464,0.1990020205467411,62.6,85.0,6.8,57,60.0,Mult(100%),,,,,,,,,,,,,,,
BLAU3,BLAU        ON      NM,Ação,outros,10.22,10.81,0.0578,53.2,Neutro,0.10276,0.08258266653027982,0.3111880882199177,1.0448730654011904,10.118813,6.488,0.064579,0.06560685004170685,279525.0,0.01952892992458022,0.05869641931323155,59.4,63.0,27.2,52,100.0,DCF(43%) + Mult(56%),,,,,,,,,,,,,,,
BBOV11,BB ETF IBOV CI,BDR,BDR Tech (EUA),96.65,,,53.0,Neutro,,,,,10.616948,,,,104602.1,0.06913716697461347,0.023076111749832817,62.6,42.0,50.0,55,60.0,,,,,,,,,,,,,,,,
GOGL34,ALPHABET    DRN,BDR,BDR Tech (EUA),148.95,141.5,-0.05,53.0,Neutro,0.48676,0.19188041852165602,0.44856467644401193,0.15818105347043132,17.279583,126.147,0.001746,0.12511745609215974,321519.5,0.006942960178579538,0.11872665138065219,62.6,87.0,6.8,52,60.0,Mult(100%),,,,,,,,,,,,,,,
JSRE11,FII JS REAL CI,FII,Fundos Imobiliários,60.39,109.58,0.8146,52.9,Neutro,,,,,,,0.099354,,43384.35,0.05146178974797122,-0.03997043539388867,58.3,59.7,40.0,50,60.0,FII-DY,0.5511,-4.15,0.9839,lajes,,,,,,,,,,,
ITUB4,ITAUUNIBANCOPN      N1,Banco,Bancos & Financeiro,42.13,52.32,0.2419,52.9,Neutro,0.21476,,,,10.030953,,0.021125,0.0421,24788045.0,0.01164152980717481,0.009231566360735854,60.4,60.0,30.0,65,50.0,DDM(35%) + RIM(25%) + P/BV(25%) + EDCF(15%),,,,,0.0116,0.3514,0.0667,,2.1321929,0.0569,,Proxy,Proxy,,Proxy
GTWR11,FII G TOWERSCI,FII,Fundos Imobiliários,78.35,101.75,0.2987,52.7,Neutro,,,,,,,0.137843,,11517.85,0.003084613648233425,-0.020089915738823017,58.3,75.0,30.0,40,60.0,FII-DY,0.77,0.03,1.0,outros,,,,,,,,,,,
CSAN3,COSAN       ON      NM,Ação,Petróleo & Gás,3.82,,,52.7,Neutro,-0.27222002,0.14517056835337705,0.08995441108345277,11.935716484072005,6.4201674,5.789,,0.009204042002940893,34769245.0,0.029649567106410757,-0.27099234730927335,63.1,35.0,50.0,50,100.0,N/A,,,,,,,,,,,,,,,
GGRC11,FII GGR ZAG CI,FII,Fundos Imobiliários,8.97,10.94,0.2195,52.7,Neutro,,,,,,,0.133779,,1524860.65,-0.048908994350319035,-0.06726174172654209,58.3,70.0,30.0,48,60.0,FII-DY,0.82,-1.49,1.0,outros,,,,,,,,,,,
PYPL34,PAYPAL HOLD DRN,BDR,BDR Tech (EUA),14.42,13.7,-0.0499,52.7,Neutro,0.24497,0.19020275750202756,0.23200289400699384,0.2518191268191268,10.681481,38.674,0.006935,0.06426945232818149,27826.5,0.3085705527562259,0.2439415046308655,62.6,72.0,6.8,75,60.0,Mult(100%),,,,,,,,,,,,,,,
JNJB34,JOHNSON     DRN,BDR,BDR Saúde (EUA),94.19,89.48,-0.05,52.6,Neutro,0.25742,0.15390059033598133,0.43586041425583644,0.6874680306905371,31.501673,97.963,0.013483,0.05599284954178807,9221.35,0.11711051408446305,0.14890335722090886,62.9,82.0,6.8,57,60.0,Mult(100%),,,,,,,,,,,,,,,
LWSA3,LWSA        ON      NM,Ação,Tecnologia & Software,3.93,,,52.3,Neutro,-0.07797,0.04719511436938532,-0.10414428722008477,,10.910908,-10.074,0.010178,0.09447071472706203,3256775.0,0.008589301581485964,0.0625245590458765,58.4,32.0,50.0,62,100.0,N/A,,,,,,,,,,,,,,,
ALOS3,ALLOS       ON      NM,Ação,outros,28.98,23.34,-0.1946,52.3,Neutro,0.07586,0.045126048751370364,0.8672385703782931,2.4355887231717985,15.252631,10.28,0.120773,0.3702408540241322,5358275.0,0.08064872781544219,0.04715022589326101,59.4,67.0,9.0,70,100.0,DCF(43%) + Mult(56%),,,,,,,,,,,,,,,
EQTL3,EQUATORIAL  ON      NM,Ação,Utilities (Energia),39.79,39.19,-0.0151,52.3,Neutro,0.050029997,0.09199801884040744,0.21458112268662122,4.911826992493937,71.05357,9.307,0.059563,0.23390296686561318,8858705.0,0.018950107373228775,-0.0365617033759702,59.2,50.0,32.0,60,100.0,DCF(43%) + Mult(56%),,,,,,,,,,,,,,,
GOGL35,ALPHABET    DRN,BDR,BDR Tech (EUA),149.99,142.49,-0.05,52.3,Neutro,0.48676,0.19188041852165602,0.44856467644401193,0.15818105347043132,17.400232,127.031,0.001733,0.12511745609215974,2855.05,0.02492231554621216,0.13147570820936272,62.6,87.0,6.8,47,60.0,Mult(100%),,,,,,,,,,,,,,,
CPTS11,FII CAPI SECCI  ER,FII,Fundos Imobiliários,7.45,8.47,0.1364,52.2,Neutro,,,,,,,0.144966,,827242.1,0.03564342797719999,0.01151802591190032,58.3,77.0,20.0,50,60.0,FII-DY,0.88,0.75,1.0,papel,,,,,,,,,,,
S2EA34,SEA LTD     DRN,BDR,BDR Tech (EUA),20.61,19.58,-0.05,52.0,Neutro,0.14734,0.11157744883734988,0.11712377142519843,-0.29146927016645324,38.166668,3.086,,0.2259378555374607,13985.9,0.11285097737196614,0.21092832291613206,62.6,75.0,6.8,65,60.0,Mult(100%),,,,,,,,,,,,,,,
AXIA6,AXIA6,Ação,outros,,,,51.8,Neutro,,,,,,,,,,,,59.4,42.0,50.0,40,100.0,,,,,,,,,,,,,,,,
ABEV3,AMBEV S/A   ON,Ação,Alimentos & Bebidas,15.32,12.98,-0.1529,51.8,Neutro,0.184,0.20275733938136156,0.32835085134714,-0.5263697389083505,14.873787,8.285,0.04765,0.03448415778904379,27171860.0,-0.06096414682461737,0.04493242524645957,62.0,75.0,4.8,55,100.0,DCF(43%) + Mult(56%),,,,,,,,,,,,,,,
KEPL3,KEPLER WEBERON      NM,Ação,outros,6.46,7.54,0.1668,51.8,Neutro,0.18312,0.17030739055308505,0.18481782191505067,-0.012180776519964855,8.075,6.013,0.083591,-0.06365971166370565,1248835.0,-0.028571436766266833,-0.1653746473930806,59.4,60.0,27.2,48,100.0,DCF(43%) + Mult(56%),,,,,,,,,,,,,,,
ODPV3,ODPV3,Ação,outros,,,,51.8,Neutro,,,,,,,,,,,,59.4,42.0,50.0,40,100.0,,,,,,,,,,,,,,,,
NEOE3,NEOE3,Ação,Utilities (Energia),,,,51.8,Neutro,,,,,,,,,,,,59.2,42.0,50.0,40,100.0,,,,,,,,,,,,,,,,
NGRD3,NGRD3,Ação,outros,,,,51.8,Neutro,,,,,,,,,,,,59.4,42.0,50.0,40,100.0,,,,,,,,,,,,,,,,
NFLX34,NETFLIX     DRN,BDR,BDR Tech (EUA),7.35,6.98,-0.0503,51.7,Neutro,0.49541,0.2744782639644323,0.6696012414924929,0.17944880941642724,22.272726,2078.674,,0.12639718371360664,848475.85,-0.008097158436581542,-0.23517167874968425,62.6,92.0,6.8,35,60.0,Mult(100%),,,,,,,,,,,,,,,
ALPA4,ALPARGATAS  PN      N1,Ação,Varejo & Consumo,13.88,19.81,0.427,51.7,Neutro,0.18084998,0.08338129130411828,0.20565540253684986,0.8983426556070521,14.020202,12.195,0.04683,0.029641947460103957,2736460.0,0.11755233729295012,0.17527515844841957,59.0,57.0,26.0,72,50.0,DCF(43%) + Mult(56%),,,,,,,,,,,,,,,
MRVE3,MRV         ON      NM,Ação,Imobiliário & Construção,5.17,,,51.6,Neutro,-0.100389995,0.0645133540369264,0.002476931546319005,308.956207892204,3.0233917,5.011,,0.17956105859500293,13031450.0,-0.0019304541266529363,-0.3170409565315382,59.4,35.0,50.0,50,100.0,N/A,,,,,,,,,,,,,,,
TGAR11,FII TG ATIVOCI,FII,Fundos Imobiliários,43.76,106.73,1.439,51.6,Neutro,,,,,,,0.191956,,77434.75,-0.16168464290545304,-0.33813641378532033,58.3,81.5,40.0,5,60.0,FII-DY,0.41,8.48,0.8275,hibrido,,,,,,,,,,,
ENEV3,ENEVA       ON      NM,Ação,Utilities (Energia),27.4,26.45,-0.0348,51.6,Neutro,0.071490005,0.058239175609246775,0.3541777892074177,3.3440639393317775,54.8,12.788,,0.4430400318058705,10196890.0,0.04900454587176961,0.08300397015006844,59.2,61.0,11.0,72,100.0,DCF(18%) + Mult(81%),,,,,,,,,,,,,,,
FRAS3,"FRAS,LE     ON      N1",Ação,outros,22.5,18.57,-0.1746,51.6,Neutro,0.124060005,0.10951641015022452,0.16231466078831108,1.9651747545582048,22.5,8.451,0.022222,0.21542083329835693,201355.0,0.07943794646476499,0.08046211781558799,59.4,73.0,4.8,62,100.0,DCF(43%) + Mult(56%),,,,,,,,,,,,,,,
TEND3,TENDA       ON      NM,Ação,Imobiliário & Construção,28.06,21.58,-0.2309,51.5,Viés Ruim,0.406,0.15024418318435798,0.17279458013619148,1.8350234836834507,5.9449153,4.818,0.052031,0.20042589313004133,3643205.0,-0.20771478914844121,-0.054132489671596784,59.4,78.0,20.0,28,100.0,DCF(18%) + Mult(81%),,,,,,,,,,,,,,,
AMZO34,AMAZON      DRN,BDR,BDR Tech (EUA),64.9,61.66,-0.0499,51.5,Neutro,0.30558002,0.11060112060547897,0.23062556142631577,0.40024555312959276,20.09288,4.906,,0.11731283601806397,714649.75,0.10000002586235435,0.1919192032418131,62.6,72.0,6.8,67,60.0,Mult(100%),,,,,,,,,,,,,,,
SSFO34,SALESFOR INCDRN ED,BDR,BDR Tech (EUA),57.14,54.28,-0.0501,51.5,Neutro,0.19381,0.08530417010914466,0.3021794099939795,0.7849059611093402,22.147287,83.417,0.005075,0.09820006113830493,23759.85,0.6101186458022501,0.23872817833230386,62.6,67.0,6.8,75,60.0,Mult(100%),,,,,,,,,,,,,,,
SLCE3,SLC AGRICOLAON      NM,Ação,Agronegócio,17.29,23.32,0.3488,51.4,Neutro,0.069749996,0.0906641132956015,0.27041091628895525,3.299188934588052,27.887098,8.44,0.07461,0.008365120486843791,3620215.0,0.3000000501933844,-0.05052159336623907,62.5,46.0,24.0,68,100.0,DCF(18%) + Mult(81%),,,,,,,,,,,,,,,
MRCK34,MERCK       DRN ED,BDR,BDR Saúde (EUA),99.02,,,51.4,Neutro,0.06961,0.16697894254978254,0.4347264309116919,1.2304153987686646,122.24691,69.316,0.01535,0.03122213027882159,9233.8,0.22174905999563777,0.341584528902356,62.9,73.0,0.0,75,60.0,N/A,,,,,,,,,,,,,,,
SYNE3,SYN PROP TECON      NM,Ação,outros,3.68,4.29,0.1644,51.1,Neutro,0.04381,0.10502938169095634,0.8247458547854987,1.1118145958067214,10.222222,11.384,,-0.11610813981175083,449905.0,-0.13207540910156224,-0.20860215241212432,59.4,58.0,43.0,20,100.0,DCF(43%) + Mult(56%),,,,,,,,,,,,,,,
PETR4,PETROBRAS   PN      N2,Ação,Petróleo & Gás,47.99,19.78,-0.5878,51.0,Viés Ruim,0.30274,0.13190780994621523,0.5161500084085431,1.3754289934402015,4.691105,3.836,0.090436,-0.10514235108626313,42581845.0,0.28943519083111013,0.09285965791714879,63.1,58.0,0.0,92,75.0,DCF(43%) + Mult(56%),,,,,,,,,,,,,,,
QCOM34,QUALCOMM    DRN,BDR,BDR Tech (EUA),87.67,83.29,-0.05,51.0,Neutro,0.33754003,0.26822441551628023,0.3371195014000542,0.6223457699778954,23.131926,93.032,0.012547,0.0006330832838727929,29621.7,-0.00615365614528407,0.5179723753720349,62.6,77.0,6.8,55,60.0,Mult(100%),,,,,,,,,,,,,,,
PETR3,PETROBRAS   ON      N2,Ação,Petróleo & Gás,53.04,16.23,-0.694,51.0,Viés Ruim,0.30274,0.13190780994621523,0.5161500084085431,1.3754289934402015,5.251485,4.103,0.081825,-0.10514235108626313,10817570.0,0.2755544954566096,0.08696608638305103,63.1,58.0,0.0,92,75.0,DCF(100%),,,,,,,,,,,,,,,
BBAS3,BRASIL      ON      NM,Banco,Bancos & Financeiro,21.59,20.01,-0.0732,50.8,Neutro,0.105459996,,,,10.04186,,0.006484,0.0158,36884725.0,0.08217909690633696,-0.07054812427618651,60.4,60.0,10.0,68,100.0,DDM(35%) + RIM(25%) + P/BV(25%) + EDCF(15%),,,,,0.0411,0.4444,0.0771,,0.6772908,0.0998,,Proxy,Proxy,,Proxy
SBSP3,SABESP      ON      NM,Ação,Saneamento,26.93,24.79,-0.0794,50.6,Neutro,0.18792,0.10494364443768762,0.45593776129139807,2.042833369530996,11.315125,8.494,0.052729,0.19978759875104757,21557075.0,-0.06816606710580564,-0.1126324719962859,58.9,72.0,11.0,48,100.0,DCF(43%) + Mult(56%),,,,,,,,,,,,,,,
MULT3,MULTIPLAN   ON      N2,Ação,Imobiliário & Construção,31.1,20.67,-0.3355,50.6,Viés Ruim,0.21899,0.1066234743405352,0.7811376220208084,2.4532141521779773,11.107143,8.622,0.036656,0.15072157423658994,4773570.0,0.06496816726028398,0.030259392215238545,59.4,72.0,0.0,65,100.0,DCF(43%) + Mult(56%),,,,,,,,,,,,,,,
ALUP11,ALUPAR      UNT     N2,Ação,Utilities (Energia),32.11,36.12,0.1249,50.6,Neutro,0.15841,0.08804380086192866,0.8535393051611423,3.176957221094762,7.6947045,7.898,0.023357,0.04682691451625831,1112550.0,-0.0001877889660619747,-0.04346629439161265,59.2,51.0,27.2,55,100.0,DCF(43%) + Mult(56%),,,,,,,,,,,,,,,
AVGO34,BROADCOM INCDRN ED,BDR,BDR Tech (EUA),26.07,24.77,-0.0499,50.5,Neutro,0.44245,0.13212667946257195,0.5433656299403634,1.410324364809587,44.948277,170.774,0.004987,0.24378426000041764,292894.8,-0.0710390483786395,0.1018773497102452,62.6,83.0,6.8,42,60.0,Mult(100%),,,,,,,,,,,,,,,
C2OI34,COINBASEGLOBDRN,BDR,BDR Tech (EUA),40.17,,,50.5,Neutro,-0.07847,0.08475616816730479,0.2500800339770168,-1.9232593465359547,,12.119,,0.3100276522124539,233823.7,0.3534365820724139,-0.06013110455295789,62.6,80.0,0.0,58,60.0,N/A,,,,,,,,,,,,,,,
BRCR11,FII BC FUND CI  ER,FII,Fundos Imobiliários,41.16,85.57,1.079,50.4,Neutro,,,,,,,0.119534,,46160.3,0.009267621440515628,-0.09245492153787249,58.3,60.0,40.0,33,60.0,FII-DY,0.481,-1.8,1.0,lajes,,,,,,,,,,,
GMAT3,GRUPO MATEUSON      NM,Ação,outros,4.9,4.3,-0.1219,50.4,Neutro,0.14265999,0.09638977064347294,0.05929200773789511,2.2374469990255723,6.8055553,7.442,0.05102,0.20853628572473104,4207790.0,0.2793734185315606,0.18072288741323428,59.4,52.0,9.0,82,100.0,DCF(43%) + Mult(56%),,,,,,,,,,,,,,,
BLAK34,BLACKROCK   DRN,BDR,BDR Tech (EUA),85.2,80.94,-0.05,50.0,Neutro,0.122779995,0.08785411337013597,0.3864800132144037,0.3769633507853403,25.975609,7.832,0.014554,0.1065430569599104,1846.0,0.12284504558310894,0.12390718718508364,62.6,72.0,6.8,57,60.0,Mult(100%),,,,,,,,,,,,,,,
MSBR34,MORGAN STAN DRN,BDR,BDR Tech (EUA),203.61,193.43,-0.05,49.9,Neutro,0.17969999,,0.41567,,15.820513,,0.016404,0.09524171431647233,2253.15,-0.10778372286181914,0.24058517441501004,62.6,72.0,13.6,45,60.0,Mult(100%),,,,,,,,,,,,,,,
TUPY3,TUPY        ON      NM,Ação,Bens Industriais,16.16,,,49.9,Neutro,-0.28198,0.03648804845569797,0.02905132679964857,8.759010344717376,5.6586595,8.209,,-0.016158294239874804,439305.0,0.08383635229996056,0.4052173780358357,60.5,15.0,50.0,70,100.0,N/A,,,,,,,,,,,,,,,
MXRF11,FII MAXI RENCI,FII,Fundos Imobiliários,9.1,9.93,0.0908,49.9,Neutro,,,,,,,0.131868,,2378604.25,-0.024724385176366548,-0.005548560219491239,58.3,64.7,20.0,55,60.0,FII-DY,0.9168,-0.63,0.9854,papel,,,,,,,,,,,
TRXF11,FII TRX REALCI,FII,Fundos Imobiliários,73.0,96.05,0.3158,49.8,Neutro,,,,,,,0.161644,,463502.95,-0.172922797762733,-0.14595702068722738,58.3,76.5,30.0,18,60.0,FII-DY,0.76,1.14,0.8269,renda_urbana,,,,,,,,,,,
JPMC34,JPMORGAN    DRN,BDR,BDR Financeiro (EUA),177.16,168.3,-0.05,49.8,Neutro,0.17789,,0.50394,,14.617162,,0.013434,0.12497052294076494,26011.6,0.019885484710007395,0.18104878984886796,62.6,77.0,6.8,47,60.0,Mult(100%),,,,,,,,,,,,,,,
M2ST34,STRATEGY INCDRN,BDR,BDR Tech (EUA),11.74,,,49.8,Neutro,-0.63562,-0.00047386778343393854,-11.38954975871325,,,-1.259,,-0.014930804375807294,3450013.25,0.8546603337468432,,62.6,17.0,50.0,75,60.0,N/A,,,,,,,,,,,,,,,
EVEN3,EVEN        ON      NM,Ação,Imobiliário & Construção,4.92,6.69,0.3606,49.8,Neutro,0.1113,0.04778827917684558,0.20352536144901437,3.78658260431246,4.0,8.385,0.186992,-0.06081177547620453,1349525.0,-0.12611012854614811,-0.2874420035955285,59.4,26.0,64.0,30,100.0,DCF(43%) + Mult(56%),,,,,,,,,,,,,,,
ITLC34,INTEL       DRN,BDR,BDR Tech (EUA),107.43,,,49.8,Neutro,-0.10715,-0.00010354636052960074,0.2715834484324447,2.2516371743068135,,194.845,,-0.05712887978236014,464694.15,-0.06582608430281933,1.6817273245727344,62.6,32.0,50.0,50,60.0,N/A,,,,,,,,,,,,,,,
CSMG3,COPASA      ON      NM,Ação,Saneamento,57.86,51.53,-0.1093,49.7,Neutro,0.1497,0.0921554682122783,0.3865315196892268,2.2284593747408676,16.967741,10.367,0.017629,0.10483095451513536,3920230.0,-0.030344805100779526,0.06607534488869882,58.9,62.0,9.0,62,100.0,DCF(43%) + Mult(56%),,,,,,,,,,,,,,,
SANB11,SANTANDER BRUNT,Banco,Bancos & Financeiro,29.75,24.75,-0.1681,49.6,Neutro,0.11151,,,,14.540567,,0.071933,-0.0379,2941720.0,0.1582566351348964,0.029298128312250205,60.4,71.0,0.0,75,50.0,DDM(35%) + RIM(25%) + P/BV(25%) + EDCF(15%),,,,,0.0454,0.415,0.0986,0.0001,0.875103,0.0071,0.0053,Proxy,Proxy,,Proxy
RBRR11,FII RBRR PAXCI  ER,FII,Fundos Imobiliários,67.75,92.81,0.3699,49.6,Neutro,,,,,,,0.15941,,67785.55,-0.09895603181897561,-0.14736294104848646,58.3,72.6,30.0,23,60.0,FII-DY,0.73,0.91,0.8815,papel,,,,,,,,,,,
MOTV3,MOTIVA SA   ON      NM,Ação,outros,16.64,13.63,-0.181,49.3,Neutro,0.21971,0.09602911002028301,0.46262496588313023,3.854708965793079,9.904762,7.391,0.047476,-0.005786228095103763,15804875.0,0.2101316661068542,0.15418652567596913,59.4,46.0,4.8,92,100.0,DCF(43%) + Mult(56%),,,,,,,,,,,,,,,
A1MD34,ADVANCED MICDRN,BDR,BDR Tech (EUA),410.5,,,49.3,Neutro,0.10196,0.039767726360774455,0.21002338404688356,-0.23257731958762887,160.9804,559.738,,0.13643599335368428,86243.85,0.1857307496410967,2.0758278087014883,62.6,65.0,0.0,75,60.0,N/A,,,,,,,,,,,,,,,
PSSA3,PORTO SEGUROON      NM,Banco,Seguros & Previdência,47.09,33.43,-0.2901,49.3,Viés Ruim,0.24169001,,,,8.290493,,0.044171,0.1703,1635830.0,-0.09495621472840898,0.019984636228375097,58.6,80.0,0.0,45,100.0,DDM(35%) + RIM(25%) + P/BV(25%) + EDCF(15%),,,,,-0.0283,0.0636,0.2818,,1.8717704,0.1918,,Proxy,Proxy,,Proxy
RECR11,FII REC RECECI  ER,FII,Fundos Imobiliários,73.83,87.89,0.1905,49.2,Neutro,,,,,,,0.143979,,41824.3,-0.04982872058479293,-0.016396831830983283,58.3,70.8,20.0,40,60.0,FII-DY,0.84,0.65,0.7895,papel,,,,,,,,,,,
SMTO3,SAO MARTINHOON      NM,Ação,Agronegócio,17.74,17.55,-0.0105,49.2,Neutro,0.11342,0.052073358686216986,0.32508993489433535,4.076726247437906,7.240816,4.229,0.012401,0.038913291103036984,1913580.0,0.22305080190117965,-0.05310119580108963,62.5,40.0,21.0,68,100.0,DCF(43%) + Mult(56%),,,,,,,,,,,,,,,
INTB3,INTELBRAS   ON      NM,Ação,Tecnologia & Software,14.06,12.76,-0.0925,49.0,Neutro,0.18591,0.06953674314125538,0.15730703601644613,-0.25874333177985004,7.68306,7.12,0.089616,0.0176241186768884,1026975.0,0.0626080502314561,0.002669936405893525,58.4,60.0,6.8,65,100.0,DCF(43%) + Mult(56%),,,,,,,,,,,,,,,
ONCO3,ONCOCLINICASON      NM,Ação,Saúde,1.05,,,48.9,Neutro,-0.027351,-0.3885029046387828,-0.38836582501171296,,13.329947,-2.682,,0.11971830866876498,16207945.0,-0.29530204993573095,-0.13223147172434557,59.1,32.0,50.0,38,100.0,N/A,,,,,,,,,,,,,,,
VIVT3,TELEF BRASILON,Ação,Telecomunicações,30.11,30.18,0.0024,48.9,Neutro,0.09872,0.07962600189904234,0.3860751740917862,0.5786793810019493,14.687805,5.342,0.062438,0.07448108235392281,5550860.0,-0.12020407562729218,-0.21958526418637514,59.0,67.0,16.8,35,100.0,DCF(43%) + Mult(56%),,,,,,,,,,,,,,,
MELI34,MERCADOLIBREDRN,BDR,BDR Tech (EUA),75.45,71.68,-0.05,48.7,Neutro,0.27504,0.1460027643400138,0.1322119544526356,2.0214659685863876,47.753162,124.768,,0.38907157907432843,1253878.9,0.07831921726360647,0.037969382502919924,62.6,62.0,6.8,65,60.0,Mult(100%),,,,,,,,,,,,,,,
XPBR31,XP INC      DR1,BDR,BDR Tech (EUA),106.1,100.79,-0.05,48.7,Neutro,0.22563,-0.025391991991645848,0.8005915348236222,14.71671888441995,10.47384,,0.019039,0.10277478218841907,1013273.9,0.310685638962523,0.08891369991427589,62.6,45.0,13.6,82,60.0,Mult(100%),,,,,,,,,,,,,,,
PVBI11,FII PVBI VBICI,FII,Fundos Imobiliários,65.5,103.97,0.5873,48.6,Neutro,,,,,,,0.067786,,59717.0,-0.07731140574545936,-0.1514536562531844,58.3,58.6,40.0,23,60.0,FII-DY,0.63,-6.01,0.9293,lajes,,,,,,,,,,,
GGBR4,GERDAU      PN      N1,Ação,Mineração & Siderurgia,24.99,24.87,-0.0048,48.6,Neutro,0.041810002,0.0585385307208323,0.10829285676944944,1.2745423109562495,21.730434,5.901,0.036815,-0.0535973125019793,8338910.0,0.17738290519241762,0.45443217513809775,63.1,38.0,13.6,95,50.0,Mult(100%),,,,,,,,,,,,,,,
PRIO3,PRIO        ON      NM,Ação,Petróleo & Gás,59.35,33.33,-0.4384,48.6,Viés Ruim,0.14225,0.019399768168428665,0.45034875602863456,3.470593741971786,12.416317,5.48,,0.34791082416969377,8839845.0,0.10029662560527552,-0.09829840854909477,63.1,61.0,0.0,63,100.0,DCF(43%) + Mult(56%),,,,,,,,,,,,,,,
HAPV3,HAPVIDA     ON      NM,Ação,Saúde,6.26,6.38,0.0197,48.5,Neutro,-0.00358,0.02004371990287458,0.12816123258397505,3.602359587820838,5.684811,4.223,,0.09962384207303487,8829235.0,-0.38142289528929174,-0.33686435305671325,59.1,36.0,52.0,25,100.0,DCF(18%) + Mult(81%),,,,,,,,,,,,,,,
VINO11,FII VINCI OFCI,FII,Fundos Imobiliários,4.28,9.73,1.2727,48.4,Neutro,,,,,,,0.116822,,64950.75,-0.06778380562218378,-0.1092461717916855,58.3,58.0,40.0,23,60.0,FII-DY,0.44,-1.34,0.8989,outros,,,,,,,,,,,
PCAR3,"P.ACUCAR,CBDON      NM",Ação,Varejo & Consumo,2.92,3.11,0.0651,48.4,Neutro,-1.29364,0.0419608756404285,0.05127400198817559,6.614285714285714,-5.84,8.608,,0.0333607601362611,5548285.0,0.2920354374405998,0.44554460587402,59.0,20.0,26.0,95,100.0,Mult(100%),,,,,,,,,,,,,,,
PTBL3,PORTOBELLO  ON      NM,Ação,Bens Industriais,1.68,,,48.4,Neutro,-0.0440308,0.04735810295740754,0.08139023570418871,8.712754873535582,1.5849057,13.111,,0.05862958578522104,508030.0,0.043478219019153386,-0.44736843137199545,60.5,30.0,50.0,35,100.0,N/A,,,,,,,,,,,,,,,
GOAU4,GERDAU MET  PN      N1,Ação,Mineração & Siderurgia,11.17,10.08,-0.0976,48.1,Neutro,0.04168,0.12874182449397104,0.10704241537740873,1.2855720365785457,18.616667,5.996,0.039391,-0.0535973125019793,9248345.0,0.18093682298330127,0.4403801761498569,63.1,43.0,6.8,95,50.0,Mult(100%),,,,,,,,,,,,,,,
COCA34,COCA COLA   DRN ED,BDR,BDR Consumo (EUA),76.19,72.38,-0.05,48.0,Neutro,0.42054,0.14603225950052676,0.39010450345215997,1.8833279863116243,26.922262,117.249,0.023625,0.03689014114187783,33521.35,0.10051260180542942,0.16643498864853634,63.3,63.0,6.8,57,60.0,Mult(100%),,,,,,,,,,,,,,,
TAEE11,TAESA       UNT     N2,Ação,Utilities (Energia),40.79,38.52,-0.0556,47.8,Neutro,0.20858999,0.08430758216030329,0.5790701914075197,3.821525750218659,39.221157,10.02,0.095121,0.2090241036104803,1662050.0,0.039260337443001836,0.018977269435257904,59.2,66.0,11.0,55,50.0,DCF(43%) + Mult(56%),,,,,,,,,,,,,,,
LVBI11,FII LVBI VBICI,FII,Fundos Imobiliários,97.49,120.36,0.2346,47.8,Neutro,,,,,,,0.098472,,43427.5,-0.03197909084793549,-0.0736679301006965,58.3,59.6,30.0,33,60.0,FII-DY,0.81,-4.47,0.9809,logistica,,,,,,,,,,,
CASH3,MELIUZ      ON      NM,Ação,Tecnologia & Software,5.23,2.94,-0.4387,47.8,Viés Ruim,-0.20842,,0.19316650876567784,,6.081395,4.838,,0.12861393470532767,1457040.0,0.3240506217564134,0.444751432158057,58.4,47.0,0.0,90,100.0,DCF(43%) + Mult(56%),,,,,,,,,,,,,,,
MMMC34,3M          DRN,BDR,BDR Tech (EUA),221.32,210.25,-0.05,47.5,Neutro,0.81891996,0.26199850857568974,0.25921917588584253,1.1391680841193752,30.317808,71.589,0.012742,-0.01570080136859997,371.95,0.026789538920397815,0.1916734194751517,62.6,68.0,6.8,47,60.0,Mult(100%),,,,,,,,,,,,,,,
VITT3,VITTIA      ON      NM,Ação,outros,3.12,3.52,0.1272,47.3,Neutro,0.10762999,0.06088291703247636,0.1504275088629886,1.2288322469760353,8.210526,7.355,0.067308,-0.012373786230981287,190625.0,-0.0429448175808983,-0.18672976910575334,59.4,48.0,27.2,38,100.0,DCF(43%) + Mult(56%),,,,,,,,,,,,,,,
XPML11,FII XP MALLSCI,FII,Fundos Imobiliários,98.68,109.64,0.1111,47.2,Neutro,,,,,,,0.115525,,206859.45,-0.01509598526761835,-0.03801175179689675,58.3,59.8,20.0,45,60.0,FII-DY,0.9,-2.53,0.9906,shopping,,,,,,,,,,,
RDOR3,REDE D OR   ON      NM,Ação,Saúde,37.39,26.12,-0.3014,47.2,Viés Ruim,0.19779,0.09904365938210559,0.21740589986852063,3.81780169241285,16.995455,7.766,0.019791,0.34334846666508323,6499700.0,0.093319811050941,0.020486644481911842,59.1,56.0,0.0,70,100.0,DCF(43%) + Mult(56%),,,,,,,,,,,,,,,
ALZR11,FII ALIANZA CI,FII,Fundos Imobiliários,9.89,10.75,0.087,47.2,Neutro,,,,,,,0.102123,,301093.5,0.040587710741895267,-0.019378829363175032,58.3,59.9,20.0,45,60.0,FII-DY,0.92,-3.6,0.9939,outros,,,,,,,,,,,
XPLG11,FII XP LOG  CI,FII,Fundos Imobiliários,92.39,104.99,0.1364,47.2,Neutro,,,,,,,0.106505,,100774.55,0.04623425830994221,-0.04072885880978605,58.3,60.0,20.0,45,60.0,FII-DY,0.88,-3.1,1.0,logistica,,,,,,,,,,,
HGLG11,FII HGLG PAXCI,FII,Fundos Imobiliários,147.86,158.24,0.0702,47.1,Neutro,,,,,,,0.094955,,148642.55,0.006184667171516223,-0.00932315450245802,58.3,59.5,20.0,45,60.0,FII-DY,0.9344,-4.73,0.9755,logistica,,,,,,,,,,,
HGBS11,FII HEDGEBS CI,FII,Fundos Imobiliários,18.49,20.75,0.1222,46.9,Neutro,,,,,,,0.11033,,304196.2,-0.016950309271576147,-0.04064506009275792,58.3,58.8,20.0,45,60.0,FII-DY,0.8911,-3.2,0.9406,shopping,,,,,,,,,,,
VALE3,VALE        ON      NM,Ação,Mineração & Siderurgia,70.77,57.69,-0.1848,46.9,Neutro,0.041149996,0.15616796695731985,0.25516235710751767,1.4724971935911828,27.21923,4.994,0.088456,-0.04316988050205395,21039775.0,-0.07505928228278147,-0.050556617888948274,63.1,63.0,0.0,48,100.0,Mult(100%),,,,,,,,,,,,,,,
UNIP6,UNIPAR      PNB,Ação,outros,57.25,128.25,1.2402,46.8,Neutro,0.107650004,0.11298825906764833,0.2625403583659558,2.2266220299816317,25.444445,10.172,0.177817,-0.10900178640452762,292665.0,-0.034081330220389394,-0.0998427456991986,59.4,47.0,26.0,38,100.0,DCF(18%) + Mult(81%),,,,,,,,,,,,,,,
PGCO34,PG          DRN,BDR,BDR Consumo (EUA),54.35,51.63,-0.05,46.7,Neutro,0.30290002,0.1646394239878734,0.28051751080062504,1.0274432702547718,22.093494,72.94,0.020791,0.020025694093399382,4257.55,-0.004044769704953155,0.017656804395612236,63.3,68.0,6.8,40,60.0,Mult(100%),,,,,,,,,,,,,,,
VBBR3,VIBRA       ON      NM,Ação,Petróleo & Gás,37.21,15.89,-0.573,46.7,Viés Ruim,0.22621,0.08941606929510154,0.03293422665595807,3.139579656666132,8.755294,5.76,0.053212,0.014146632171119222,11666105.0,0.2892063157030782,0.2817118928701725,63.1,31.0,0.0,100,100.0,DCF(43%) + Mult(56%),,,,,,,,,,,,,,,
HYPE3,HYPERA      ON      NM,Ação,Saúde,24.53,15.16,-0.382,46.5,Viés Ruim,0.13163,0.056748585889032886,0.2936640985500101,3.4020449666204624,9.291667,8.593,0.042805,0.006704433804989085,3183265.0,0.17802800439489386,0.125801121425559,59.1,46.0,0.0,82,100.0,Mult(100%),,,,,,,,,,,,,,,
TMOS34,THERMFISCHERDRN ED,BDR,BDR Tech (EUA),69.03,65.58,-0.05,46.5,Neutro,0.13515,0.06453580901856763,0.25825347307942637,2.566524724080994,34.343285,106.826,0.002028,-0.0026639607700198464,15386.55,0.2569159445536686,0.3556635726639885,62.6,47.0,6.8,75,60.0,Mult(100%),,,,,,,,,,,,,,,
POSI3,POSITIVO TECON      NM,Ação,outros,3.55,4.1,0.1562,46.4,Neutro,0.00811,0.06523462459443848,0.09809781408986203,2.244610934987061,39.444443,5.004,0.126761,-0.11195388034051434,781930.0,-0.09669213943664667,-0.20403589193886473,59.4,32.0,47.2,25,100.0,DCF(43%) + Mult(56%),,,,,,,,,,,,,,,
RAIZ4,RAIZEN      PN      N2,Ação,Petróleo & Gás,0.28,,,46.4,Neutro,-0.08397500000000001,0.0005554274078624868,-0.03223768453047597,,-1.0317636,17.145,,-0.02786421092814262,15958490.0,-0.33333330968069574,-0.5,63.1,22.0,50.0,30,100.0,N/A,,,,,,,,,,,,,,,
VILG11,FII VINCI LGCI,FII,Fundos Imobiliários,91.68,109.14,0.1905,46.2,Neutro,,,,,,,0.10733,,25950.15,0.03674167864813649,-0.022337062902812566,58.3,58.8,20.0,40,60.0,FII-DY,0.84,-3.45,0.9413,logistica,,,,,,,,,,,
BHIA3,CASAS BAHIA ON      NM,Ação,Varejo & Consumo,1.01,,,46.2,Neutro,,0.08214208242950108,0.05366989759221838,5.290363752393108,-0.78294575,-30.574,,-0.018698143807364342,15099700.0,-0.09009011040820591,-0.6443661897931157,59.0,20.0,50.0,40,100.0,N/A,,,,,,,,,,,,,,,
UGPA3,ULTRAPAR    ON      NM,Ação,Petróleo & Gás,36.56,20.58,-0.4371,46.2,Viés Ruim,0.19804001,0.09331464730507691,0.05482610957371921,2.3903153492481266,11.146342,5.639,0.054705,-0.002944740710881466,9901500.0,0.49086041556399107,0.40568428874009044,63.1,32.0,0.0,95,100.0,DCF(43%) + Mult(56%),,,,,,,,,,,,,,,
CSCO34,CISCO       DRN,BDR,BDR Tech (EUA),110.6,105.07,-0.05,46.0,Neutro,0.27319,0.1460090909090909,0.31613106987761547,1.1146910435086668,31.965317,117.773,0.01094,0.03571085300180399,1798.4,-0.11138652400364646,0.3602520985221158,62.6,63.0,6.8,45,60.0,Mult(100%),,,,,,,,,,,,,,,
COWC34,COSTCO      DRN,BDR,BDR Tech (EUA),119.52,113.54,-0.05,45.9,Neutro,0.28402,0.2956843286158094,0.048678402092757096,-0.44693237796686075,44.266666,146.698,0.004351,0.06640442726947482,2890.85,-0.0173921999291351,-0.057957100876729895,62.6,70.0,6.8,33,60.0,Mult(100%),,,,,,,,,,,,,,,
BERK34,BERKSHIRE   DRN,BDR,BDR Financeiro (EUA),131.36,92.58,-0.2952,45.7,Viés Ruim,0.121199995,0.07269922969760502,0.32561,,12.7286825,-1.767,,0.20586499585407747,32437.15,0.038418977156929435,0.04836390591379747,62.6,67.0,4.8,40,60.0,DCF(43%) + Mult(56%),,,,,,,,,,,,,,,
IRBR3,IRBBRASIL REON      NM,Banco,Seguros & Previdência,61.9,45.92,-0.2581,45.4,Viés Ruim,0.04567,,,,21.054422,,0.025525,-0.1447,993150.0,0.138031716767268,0.15642253418141516,58.6,51.0,0.0,67,100.0,DDM(35%) + RIM(25%) + P/BV(25%) + EDCF(15%),,,,,0.0029,0.0209,0.3377,,0.94822305,,,Proxy,Proxy,,Proxy
FESA4,FERBASA     PN      N1,Ação,Mineração & Siderurgia,5.38,9.28,0.7243,45.4,Neutro,0.04439,0.011891789909647388,0.17705553418486722,0.09423508690434715,13.121952,12.683,0.213755,-0.09399499445480808,1549005.0,-0.11221119385468636,-0.2599724720005746,63.1,42.0,26.0,30,100.0,DCF(18%) + Mult(81%),,,,,,,,,,,,,,,
CSNA3,SID NACIONALON,Ação,Mineração & Siderurgia,5.95,4.26,-0.284,45.4,Viés Ruim,-0.12294,0.06577270244539306,0.15310005507841812,5.773401094805796,-14.950125,6.944,,0.0032640949315481116,24976195.0,0.2344397504895248,-0.022988561545973396,63.1,35.0,0.0,85,100.0,Mult(100%),,,,,,,,,,,,,,,
EXXO34,EXXON MOBIL DRN,BDR,BDR Energia (EUA),104.19,98.98,-0.05,45.4,Neutro,0.12584,0.0766456566817911,0.20951822293573732,0.4841447601084522,20.672619,25.791,0.018044,-0.06688991546295975,17107.75,0.18040568971019355,0.02213415275362407,66.3,47.0,6.8,60,60.0,Mult(100%),,,,,,,,,,,,,,,
OPCT3,OCEANPACT   ON  EC  NM,Ação,outros,8.33,4.1,-0.5082,45.3,Viés Ruim,0.1719,0.08381924234602905,0.34242100325364105,1.904869043024615,9.916667,4.384,0.012005,0.21120230449777866,1541950.0,-0.18889975146895555,-0.061709321721464705,59.4,73.0,0.0,28,100.0,DCF(43%) + Mult(56%),,,,,,,,,,,,,,,
HSML11,FII HSI MALLCI,FII,Fundos Imobiliários,82.76,98.52,0.1905,45.3,Neutro,,,,,,,0.108748,,54837.55,0.0015006557405805587,-0.08484066848739258,58.3,59.3,20.0,33,60.0,FII-DY,0.84,-3.37,0.9635,shopping,,,,,,,,,,,
RADL3,RAIADROGASILON      NM,Ação,Saúde,18.16,15.11,-0.168,45.2,Neutro,0.19993,0.1117384013129517,0.08051866321175634,2.3363677723213696,21.364706,10.284,0.024229,0.1503692506450247,9526275.0,0.06301164246540081,-0.2057105993099302,59.1,57.0,0.0,55,100.0,Mult(100%),,,,,,,,,,,,,,,
VISC11,FII VINCI SCCI,FII,Fundos Imobiliários,102.81,115.52,0.1236,45.1,Neutro,,,,,,,0.098045,,71471.75,0.011927525162621189,-0.01770004461914343,58.3,54.6,20.0,40,60.0,FII-DY,0.89,-4.06,0.9822,shopping,,,,,,,,,,,
ROMI3,ROMI        ON      NM,Ação,Bens Industriais,6.33,11.73,0.8531,45.1,Neutro,0.061440002,0.039570265273100265,0.14926449749455797,1.1854154147582954,7.8148146,8.961,0.110585,-0.059012750098261346,221800.0,0.05324453954035113,-0.12804142583754996,60.5,33.0,26.0,48,100.0,Mult(100%),,,,,,,,,,,,,,,
ENGI11,ENERGISA    UNT     N2,Ação,Utilities (Energia),51.47,33.42,-0.3506,45.0,Viés Ruim,0.09408,0.07248400099009576,0.2606114106309655,4.6906507401514075,37.297104,7.079,0.039829,0.10171941755017522,3520755.0,0.10959727839061362,0.019794557443368,59.2,50.0,0.0,65,100.0,DCF(43%) + Mult(56%),,,,,,,,,,,,,,,
AALL34,AMERICAN AIRDRN,BDR,BDR Tech (EUA),71.82,,,44.5,Neutro,,0.03332484551128777,0.07550381637471858,8.71030303030303,,22.216,,0.03714312343491266,2576.5,-0.20614569773666636,0.24969546144626875,62.6,20.0,50.0,35,60.0,N/A,,,,,,,,,,,,,,,
BABA34,ALIBABAGR   DRN,BDR,BDR Tech (EUA),20.21,15.7,-0.2234,44.4,Viés Ruim,0.0636,0.03251557703137204,0.18199028983949905,0.8061922296535657,24.646341,-0.072,0.009401,0.05624715260175872,263361.55,0.1456915977181017,-0.1192023572039077,62.6,57.0,4.8,48,60.0,DCF(43%) + Mult(56%),,,,,,,,,,,,,,,
KNSC11,FII KINEA SCCI,FII,Fundos Imobiliários,9.01,8.75,-0.0291,44.1,Neutro,,,,,,,0.127636,,518721.0,0.021085591966084172,0.08491963011767667,58.3,50.1,10.0,57,60.0,FII-DY,1.03,-1.01,0.9059,outros,,,,,,,,,,,
CHVX34,CHEVRON     DRN,BDR,BDR Energia (EUA),105.33,100.06,-0.05,44.1,Neutro,0.12231,0.04981481565307923,0.2245651513837078,0.8321462201511457,19.873585,41.459,0.035033,-0.07852874895364959,9155.35,0.18632506071125632,0.022018329064132258,66.3,42.0,6.8,60,60.0,Mult(100%),,,,,,,,,,,,,,,
CPLE3,COPEL       ON      NM,Ação,Utilities (Energia),15.78,9.82,-0.3779,44.0,Viés Ruim,0.12764,0.07457579856247255,0.19027929701798715,3.456676198818512,14.747663,10.306,0.067174,0.08344364161714024,18843415.0,0.0471134739565271,0.03564920316833686,59.2,46.0,0.0,65,100.0,DCF(43%) + Mult(56%),,,,,,,,,,,,,,,
DISB34,WALT DISNEY DRN,BDR,BDR Consumo (EUA),36.46,34.64,-0.0499,44.0,Neutro,0.0801,0.06124829756257924,0.20271114641249668,2.0470194869651532,21.702381,47.097,0.010148,0.045093923223104904,23171.65,0.0786231120255716,0.06856009906387506,63.3,47.0,6.8,57,60.0,Mult(100%),,,,,,,,,,,,,,,
TSLA34,TESLA INC   DRN,BDR,BDR Tech (EUA),60.05,,,43.8,Neutro,0.046669997,0.03983346402300138,0.12405749417360035,-0.15249914994899694,353.2353,708.868,,0.051943257367141005,1440600.35,-0.0077660478709205005,-0.0311390822754134,62.6,55.0,0.0,55,60.0,N/A,,,,,,,,,,,,,,,
LOGG3,LOG COM PROPON      NM,Ação,outros,24.74,22.42,-0.0938,43.7,Neutro,0.10479999,0.011464294881581306,2.758903195462275,3.4302522796086854,5.793911,252.139,0.265562,0.04621192687239484,555330.0,-0.09636740796638854,0.047710633828147,59.4,46.0,13.6,40,100.0,Mult(100%),,,,,,,,,,,,,,,
AGRO3,BRASILAGRO  ON      NM,Ação,Agronegócio,18.12,,,43.2,Neutro,-0.04283,-0.00936513945585988,0.04026048135342889,35.11105552776388,15.1,-59.671,0.016556,-0.1112658609037217,229055.0,0.008347330640543271,-0.1649769492091535,62.5,5.0,50.0,38,100.0,N/A,,,,,,,,,,,,,,,
ORCL34,ORACLE      DRN,BDR,BDR Tech (EUA),118.99,113.04,-0.05,42.9,Neutro,0.41192,0.0884846602312912,0.49656308921121783,3.734266152420247,21.55616,66.561,0.014371,0.10476732816565715,191798.95,-0.08855189552484954,-0.11196529046330439,62.6,61.0,6.8,28,60.0,Mult(100%),,,,,,,,,,,,,,,
MBRF3,MARFRIG     ON      NM,Ação,outros,16.83,15.82,-0.06,42.8,Neutro,0.00906,0.04456032682084795,0.07978951339413175,5.43681153772744,60.107143,7.261,0.335116,0.09357592515331503,4494585.0,0.010810829387374543,-0.0134818024288621,59.4,25.0,22.0,55,100.0,DCF(43%) + Mult(56%),,,,,,,,,,,,,,,
BRKM5,BRASKEM     PNA     N1,Ação,Petróleo & Gás,4.05,,,42.7,Neutro,,-0.024261663830930414,0.10008908748957111,8.592116417066968,-3.2667613,7.801,,-0.09849043639394706,5542105.0,-0.40615834475143886,-0.6593776220528638,63.1,10.0,50.0,25,100.0,N/A,,,,,,,,,,,,,,,
PFIZ34,PFIZER      DRN,BDR,BDR Saúde (EUA),37.16,35.3,-0.0501,42.6,Neutro,0.05014,0.07695247664020897,0.2681890090925071,3.743013763927784,37.535355,35.428,0.041442,-0.14797605157261928,8207.5,0.2333946003990537,0.054943699456081685,62.9,36.0,6.8,67,60.0,Mult(100%),,,,,,,,,,,,,,,
CBAV3,CBA         ON      NM,Ação,outros,11.21,8.0,-0.2866,42.6,Viés Ruim,0.14575,0.004887115682185816,0.1742880168924143,2.1064968774930115,12.184782,6.993,0.003568,-0.0013552452827229056,2010290.0,0.04279070122297424,0.0886826448907978,59.4,37.0,4.8,62,100.0,DCF(43%) + Mult(56%),,,,,,,,,,,,,,,
HBSA3,HIDROVIAS   ON      NM,Ação,outros,3.38,2.77,-0.1807,42.5,Neutro,0.022060001,0.07500584779262989,0.3734471346424232,3.160220902056559,169.00002,8.724,,0.08226708056509158,1690690.0,-0.0840108232987542,-0.10817938035325203,59.4,51.0,4.8,38,100.0,DCF(43%) + Mult(56%),,,,,,,,,,,,,,,
TASA4,TAURUS ARMASPN      N2,Ação,outros,7.96,6.77,-0.15,42.3,Neutro,0.02085,0.01770444724777345,0.12378975399667402,4.636725048037635,46.82353,20.64,0.04,-0.16797084901192139,1201420.0,0.6016097332350236,0.48880125730004775,59.4,15.0,9.0,90,100.0,DCF(43%) + Mult(56%),,,,,,,,,,,,,,,
MCDC34,MCDONALDS   DRN,BDR,BDR Tech (EUA),61.03,57.98,-0.05,42.2,Neutro,,0.1565557894736842,0.5459549934907941,3.6817005041558795,19.071875,61.455,0.022776,0.050637859467043134,24069.3,-0.11742514388013359,-0.2430458661181314,62.6,66.0,6.8,15,60.0,Mult(100%),,,,,,,,,,,,,,,
BTLG11,FII BTLG    CI  ER,FII,Fundos Imobiliários,99.58,103.43,0.0386,42.2,Neutro,,,,,,,0.09761,,195549.4,-0.0030868664772716325,0.008463283264360966,58.3,49.7,10.0,45,60.0,FII-DY,0.9628,-4.1,0.9873,logistica,,,,,,,,,,,
GFSA3,GAFISA      ON      NM,Ação,outros,0.25,,,42.1,Neutro,-0.34651002,-0.07258045739270533,-0.6951211246877481,,0.8333333,-4.364,,-0.18291688662575867,5528640.0,-0.7967479706314836,-0.8595505595402861,59.4,12.0,50.0,25,100.0,N/A,,,,,,,,,,,,,,,
UNHH34,UNITEDHEALTHDRN ED,BDR,BDR Tech (EUA),27.97,26.57,-0.0501,42.0,Neutro,0.14152999,0.08449268905180443,0.05152301219705653,2.34275802254987,24.112068,69.061,0.017161,0.11352161443193465,8215.9,-0.08596284421619804,0.33857361735687963,62.6,47.0,6.8,45,60.0,Mult(100%),,,,,,,,,,,,,,,
HGRU11,FII HGRU PAXCI,FII,Fundos Imobiliários,113.82,127.89,0.1236,41.9,Neutro,,,,,,,0.100158,,87669.45,-0.10168843457989651,-0.08247574469817631,58.3,52.0,20.0,23,60.0,FII-DY,0.89,-4.13,0.8487,outros,,,,,,,,,,,
JBSS32,JBS N.V.    DR2,BDR,BDR Tech (EUA),59.58,47.83,-0.1972,41.9,Neutro,0.13378,0.10517158853304953,0.07665878873225251,2.7687815916237497,10.715828,15.704,0.072004,0.05877232402278598,1518132.85,-0.041042961423176205,-0.1911874902190306,62.6,47.0,4.8,48,60.0,DCF(43%) + Mult(56%),,,,,,,,,,,,,,,
KNCR11,FII KINEA RICI,FII,Fundos Imobiliários,106.38,100.87,-0.0518,41.6,Neutro,,,,,,,0.129724,,229886.25,0.020452538851063462,0.07631416114053136,58.3,43.2,10.0,52,60.0,FII-DY,1.0546,-0.46,0.908,papel,,,,,,,,,,,
HGCR11,FII HGCR PAXCI,FII,Fundos Imobiliários,94.5,97.42,0.0309,41.6,Neutro,,,,,,,0.126984,,33581.1,0.06655938762773261,0.03952655284804485,58.3,44.3,10.0,50,60.0,FII-DY,0.97,-1.32,0.9659,outros,,,,,,,,,,,
EGIE3,ENGIE BRASILON      NM,Ação,Utilities (Energia),29.1,18.38,-0.3684,41.2,Viés Ruim,0.2859,0.09520662201558688,0.5748684202852627,3.488512347942627,8.459302,8.159,0.059794,0.026010609725442668,3482595.0,-0.11953119860203298,-0.0621556260036622,59.2,51.0,0.0,38,100.0,DCF(43%) + Mult(56%),,,,,,,,,,,,,,,
CMCS34,COMCAST     DRN,BDR,BDR Tech (EUA),22.6,19.95,-0.1172,41.2,Neutro,0.114879996,0.07320386994993533,0.37496665508014904,1.9285129133790369,6.975309,14.202,0.041593,0.006220134237919117,5672.05,-0.03950245699249855,-0.24104954897538655,62.6,58.0,4.8,25,60.0,DCF(43%) + Mult(56%),,,,,,,,,,,,,,,
ULEV34,UNILEVER    DRN,BDR,BDR Tech (EUA),64.68,61.45,-0.0499,41.2,Neutro,0.31869,0.17056652886234877,0.22066015880244738,2.12275664034458,21.488373,15.406,0.03355,-0.05620149429302945,547.95,0.03717801508334606,0.021809093310347638,62.6,47.0,6.8,40,60.0,Mult(100%),,,,,,,,,,,,,,,
HOME34,HOME DEPOT  DRN,BDR,BDR Tech (EUA),54.6,51.87,-0.05,41.2,Neutro,1.0429599,0.17958423424596867,0.1526265613329852,2.544698627411975,20.91954,63.87,0.021978,0.015185146415588768,2395.6,-0.1371679930197296,-0.09700284853264707,62.6,57.0,6.8,23,60.0,Mult(100%),,,,,,,,,,,,,,,
KNRI11,FII KINEA   CI,FII,Fundos Imobiliários,156.24,160.18,0.0252,41.2,Neutro,,,,,,,0.084485,,51178.35,0.06977690068105469,-0.008104998027223198,58.3,42.7,10.0,50,60.0,FII-DY,0.9754,-5.36,0.8834,hibrido,,,,,,,,,,,
WALM34,WAL MART    DRN,BDR,BDR Consumo (EUA),35.1,33.34,-0.0501,40.4,Neutro,0.22313999,0.12619482642561783,0.06516182135079919,1.212971530632007,39.0,101.884,0.006553,0.05272290929168877,33937.7,-0.06412446994199483,-0.10841374119266745,63.3,53.0,6.8,23,60.0,Mult(100%),,,,,,,,,,,,,,,
TCSA3,TECNISA     ON      NM,Ação,outros,0.64,,,40.3,Neutro,-0.22354999,-0.10058225273009354,-0.08578715056400196,,0.45390072,-2.77,,-0.03928075035945522,67590.0,-0.25581398250090825,-0.5076923006385032,59.4,17.0,50.0,5,100.0,N/A,,,,,,,,,,,,,,,
PEPB34,PEPSICO INC DRN,BDR,BDR Consumo (EUA),44.55,42.32,-0.0501,40.2,Neutro,0.51508,0.14561490155033685,0.16548309821666224,2.621244290034099,16.874998,50.324,0.045118,0.028259092561689236,7822.05,-0.0789173978820924,-0.1478227386009352,63.3,52.0,6.8,23,60.0,Mult(100%),,,,,,,,,,,,,,,
BRCO11,FII BRESCO  CI,FII,Fundos Imobiliários,110.2,114.79,0.0417,39.9,Viés Ruim,,,,,,,0.099093,,58523.3,-0.00660569448167847,-0.03965891320103698,58.3,43.8,10.0,40,60.0,FII-DY,0.96,-3.8,0.942,outros,,,,,,,,,,,
NIKE34,NIKE        DRN,BDR,BDR Consumo (EUA),18.4,17.48,-0.05,39.0,Viés Ruim,0.22138001,0.1366795745841287,0.09901288848657269,0.7553330430996953,16.880733,55.788,0.046739,-0.032401823147472864,75343.25,-0.13320668991377893,-0.32873925098289547,63.3,52.0,6.8,15,60.0,Mult(100%),,,,,,,,,,,,,,,
AXIA3,AXIA ENERGIAON      NM,Ação,outros,54.55,28.32,-0.4808,39.0,Viés Ruim,0.10005999,0.04892748493683437,0.0875169715471009,16.841715105014337,10.43021,11.662,0.066911,0.06604806530225593,12731310.0,-0.009262661160736263,-0.056554833535503946,59.4,30.0,0.0,58,100.0,Mult(100%),,,,,,,,,,,,,,,
HBOR3,HELBOR      ON      NM,Ação,outros,2.12,,,38.0,Viés Ruim,0.02323,0.021234000894303173,0.15738057639512895,9.879170936609647,70.666664,29.355,0.009434,0.07576259163899413,639385.0,-0.02304156174052152,-0.19037510573379934,59.4,35.0,0.0,43,100.0,N/A,,,,,,,,,,,,,,,
MOSC34,MOSAIC CO   DRN ED,BDR,BDR Tech (EUA),19.92,,,37.7,Viés Ruim,-0.05073,0.041663760109551834,0.2077843417078756,1.9977239148664296,,10.834,0.026606,-0.1426545439066701,25004.2,0.07249721447752844,-0.12061190788458831,62.6,38.0,0.0,43,60.0,N/A,,,,,,,,,,,,,,,
BOEI34,BOEING      DRN,BDR,BDR Tech (EUA),1031.22,1000.28,-0.03,37.2,Viés Ruim,0.0173537,-0.0730008577380223,0.08225746956842493,5.912759885854056,71.41413,-291.08,,0.10333066303739025,54.75,-0.08963145380434778,-0.015081077463657278,62.6,30.0,13.6,30,60.0,Mult(100%),,,,,,,,,,,,,,,
USIM5,USIMINAS    PNA     N1,Ação,Mineração & Siderurgia,6.93,3.2,-0.5382,34.7,Viés Ruim,-0.08073,0.01773645457037191,0.026858352577441274,2.7262660672844783,5.217077,5.391,,-0.06827541535890946,10624720.0,-0.18470590254839725,0.08791208050867816,63.1,22.0,0.0,52,50.0,Mult(100%),,,,,,,,,,,,,,,
BRAP4,BRADESPAR   PN      N1,Ação,outros,20.24,7.53,-0.628,34.0,Viés Ruim,0.0695,,0.0,,14.457143,,0.172431,-0.4449404605370416,2332885.0,-0.09278349369681538,-0.0711335970300333,59.4,22.0,0.0,38,100.0,DCF(100%),,,,,,,,,,,,,,,
SEQL3,SEQUOIA LOG ON      NM,Ação,outros,0.07,,,31.3,Viés Ruim,,-0.5622113265482999,0.14518457553024988,3.5358951721574274,-0.6363636,-4.977,,-0.3099256397272978,2322800.0,-0.12499997671693508,-0.7586206816818992,59.4,16.0,0.0,30,100.0,N/A,,,,,,,,,,,,,,,
